"","id","kidgen","momage","kidage","homecog","homeemo","occasion","anti","read","kidagetv","kidage6","kidagesq","kidagec","occasion2"
"1",22,0,28,6.08,13,10,0,1,2.1,6.08,0.0800000000000001,0.00640000000000001,0.000512000000000001,0
"2",22,0,28,6.08,13,10,1,2,3.9,8.08,2.08,4.3264,8.998912,1
"3",34,1,28,6.83,9,9,0,3,2.1,6.83,0.83,0.6889,0.571787,0
"4",34,1,28,6.83,9,9,1,6,2.9,8.83,2.83,8.0089,22.665187,1
"5",34,1,28,6.83,9,9,2,4,4.5,10.83,4.83,23.3289,112.678587,4
"6",34,1,28,6.83,9,9,3,5,4.5,12.83,6.83,46.6489,318.611987,9
"7",58,0,28,6.5,9,6,0,0,2.3,6.5,0.5,0.25,0.125,0
"8",58,0,28,6.5,9,6,1,2,4.5,8.5,2.5,6.25,15.625,1
"9",58,0,28,6.5,9,6,2,0,4.2,10.5,4.5,20.25,91.125,4
"10",58,0,28,6.5,9,6,3,1,4.6,12.5,6.5,42.25,274.625,9
"11",122,1,28,7.83,13,10,0,0,3.7,7.83,1.83,3.3489,6.128487,0
"12",122,1,28,7.83,13,10,1,3,8,9.83,3.83,14.6689,56.181887,1
"13",122,1,28,7.83,13,10,2,1,NA,11.83,5.83,33.9889,198.155287,4
"14",122,1,28,7.83,13,10,3,1,NA,13.83,7.83,61.3089,480.048687,9
"15",125,0,29,7.42,10,8,0,1,2.3,7.42,1.42,2.0164,2.863288,0
"16",125,0,29,7.42,10,8,1,1,3.8,9.42,3.42,11.6964,40.001688,1
"17",125,0,29,7.42,10,8,2,2,4.3,11.42,5.42,29.3764,159.220088,4
"18",125,0,29,7.42,10,8,3,1,6.2,13.42,7.42,55.0564,408.518488,9
"19",133,1,28,6.75,8,9,0,3,1.8,6.75,0.75,0.5625,0.421875,0
"20",133,1,28,6.75,8,9,1,4,2.6,8.75,2.75,7.5625,20.796875,1
"21",133,1,28,6.75,8,9,2,3,4.1,10.75,4.75,22.5625,107.171875,4
"22",133,1,28,6.75,8,9,3,5,4,12.75,6.75,45.5625,307.546875,9
"23",163,1,28,7.17,10,10,0,5,3.5,7.17,1.17,1.3689,1.601613,0
"24",163,1,28,7.17,10,10,1,4,4.8,9.17,3.17,10.0489,31.855013,1
"25",163,1,28,7.17,10,10,2,5,5.8,11.17,5.17,26.7289,138.188413,4
"26",163,1,28,7.17,10,10,3,5,7.5,13.17,7.17,51.4089,368.601813,9
"27",190,0,28,6.67,9,8,0,0,2.9,6.67,0.67,0.4489,0.300763,0
"28",190,0,28,6.67,9,8,1,NA,6.1,8.67,2.67,7.1289,19.034163,1
"29",190,0,28,6.67,9,8,3,0,NA,12.67,6.67,44.4889,296.740963,9
"30",227,0,29,6.25,12,10,0,0,1.8,6.25,0.25,0.0625,0.015625,0
"31",227,0,29,6.25,12,10,1,0,3.8,8.25,2.25,5.0625,11.390625,1
"32",227,0,29,6.25,12,10,2,2,4,10.25,4.25,18.0625,76.765625,4
"33",227,0,29,6.25,12,10,3,1,NA,12.25,6.25,39.0625,244.140625,9
"34",248,0,28,7.5,9,9,0,1,3.5,7.5,1.5,2.25,3.375,0
"35",248,0,28,7.5,9,9,1,2,5.7,9.5,3.5,12.25,42.875,1
"36",248,0,28,7.5,9,9,2,2,7,11.5,5.5,30.25,166.375,4
"37",248,0,28,7.5,9,9,3,0,6.9,13.5,7.5,56.25,421.875,9
"38",251,1,29,7.42,6,9,0,2,2.6,7.42,1.42,2.0164,2.863288,0
"39",251,1,29,7.42,6,9,1,3,3.8,9.42,3.42,11.6964,40.001688,1
"40",251,1,29,7.42,6,9,2,4,6.3,11.42,5.42,29.3764,159.220088,4
"41",251,1,29,7.42,6,9,3,4,6.1,13.42,7.42,55.0564,408.518488,9
"42",300,1,28,6.08,7,11,0,0,1.8,6.08,0.0800000000000001,0.00640000000000001,0.000512000000000001,0
"43",300,1,28,6.08,7,11,1,6,3.7,8.08,2.08,4.3264,8.998912,1
"44",300,1,28,6.08,7,11,2,0,4.4,10.08,4.08,16.6464,67.917312,4
"45",300,1,28,6.08,7,11,3,3,4.2,12.08,6.08,36.9664,224.755712,9
"46",326,1,29,6.08,13,10,0,4,1.8,6.08,0.0800000000000001,0.00640000000000001,0.000512000000000001,0
"47",326,1,29,6.08,13,10,1,2,3.2,8.08,2.08,4.3264,8.998912,1
"48",326,1,29,6.08,13,10,3,3,5.4,12.08,6.08,36.9664,224.755712,9
"49",348,1,27,7,10,11,0,1,2.2,7,1,1,1,0
"50",348,1,27,7,10,11,1,0,4,9,3,9,27,1
"51",348,1,27,7,10,11,2,2,5.1,11,5,25,125,4
"52",348,1,27,7,10,11,3,0,6.3,13,7,49,343,9
"53",382,0,27,7.17,7,4,0,0,2.5,7.17,1.17,1.3689,1.601613,0
"54",382,0,27,7.17,7,4,1,0,3.7,9.17,3.17,10.0489,31.855013,1
"55",382,0,27,7.17,7,4,2,0,4.1,11.17,5.17,26.7289,138.188413,4
"56",382,0,27,7.17,7,4,3,0,7.2,13.17,7.17,51.4089,368.601813,9
"57",400,1,27,6,8,8,0,2,2.4,6,0,0,0,0
"58",400,1,27,6,8,8,1,6,5,8,2,4,8,1
"59",400,1,27,6,8,8,2,3,5.1,10,4,16,64,4
"60",400,1,27,6,8,8,3,5,5.8,12,6,36,216,9
"61",405,1,27,6.25,14,11,0,4,3.1,6.25,0.25,0.0625,0.015625,0
"62",405,1,27,6.25,14,11,1,4,4.1,8.25,2.25,5.0625,11.390625,1
"63",405,1,27,6.25,14,11,3,4,5.5,12.25,6.25,39.0625,244.140625,9
"64",427,1,28,7.5,9,3,0,3,2.8,7.5,1.5,2.25,3.375,0
"65",427,1,28,7.5,9,3,1,2,5.7,9.5,3.5,12.25,42.875,1
"66",427,1,28,7.5,9,3,2,3,5.3,11.5,5.5,30.25,166.375,4
"67",427,1,28,7.5,9,3,3,4,5.8,13.5,7.5,56.25,421.875,9
"68",431,0,27,6.42,10,9,0,0,1.4,6.42,0.42,0.1764,0.074088,0
"69",431,0,27,6.42,10,9,1,1,2.2,8.42,2.42,5.8564,14.172488,1
"70",431,0,27,6.42,10,9,2,1,2.3,10.42,4.42,19.5364,86.350888,4
"71",431,0,27,6.42,10,9,3,0,NA,12.42,6.42,41.2164,264.609288,9
"72",480,0,27,7.67,10,11,0,0,3.5,7.67,1.67,2.7889,4.657463,0
"73",480,0,27,7.67,10,11,1,1,4.3,9.67,3.67,13.4689,49.430863,1
"74",480,0,27,7.67,10,11,2,2,4.8,11.67,5.67,32.1489,182.284263,4
"75",480,0,27,7.67,10,11,3,1,5.9,13.67,7.67,58.8289,451.217663,9
"76",484,0,28,8,13,11,0,0,6.7,8,2,4,8,0
"77",484,0,28,8,13,11,1,0,8.2,10,4,16,64,1
"78",484,0,28,8,13,11,2,1,6.9,12,6,36,216,4
"79",484,0,28,8,13,11,3,0,NA,14,8,64,512,9
"80",486,1,27,6.67,7,7,0,1,3.1,6.67,0.67,0.4489,0.300763,0
"81",486,1,27,6.67,7,7,1,1,4.7,8.67,2.67,7.1289,19.034163,1
"82",486,1,27,6.67,7,7,2,0,5.6,10.67,4.67,21.8089,101.847563,4
"83",486,1,27,6.67,7,7,3,1,6.4,12.67,6.67,44.4889,296.740963,9
"84",494,1,27,7.42,10,9,0,2,2.3,7.42,1.42,2.0164,2.863288,0
"85",494,1,27,7.42,10,9,1,6,4.1,9.42,3.42,11.6964,40.001688,1
"86",494,1,27,7.42,10,9,2,5,5.8,11.42,5.42,29.3764,159.220088,4
"87",494,1,27,7.42,10,9,3,4,6.9,13.42,7.42,55.0564,408.518488,9
"88",509,1,27,6.33,11,10,0,3,2.1,6.33,0.33,0.1089,0.035937,0
"89",509,1,27,6.33,11,10,1,3,3.9,8.33,2.33,5.4289,12.649337,1
"90",509,1,27,6.33,11,10,2,2,5,10.33,4.33,18.7489,81.182737,4
"91",509,1,27,6.33,11,10,3,9,5.3,12.33,6.33,40.0689,253.636137,9
"92",522,0,27,7.17,9,9,0,1,3,7.17,1.17,1.3689,1.601613,0
"93",522,0,27,7.17,9,9,1,NA,4.2,9.17,3.17,10.0489,31.855013,1
"94",522,0,27,7.17,9,9,2,2,5.6,11.17,5.17,26.7289,138.188413,4
"95",522,0,27,7.17,9,9,3,1,6.2,13.17,7.17,51.4089,368.601813,9
"96",533,0,28,6.42,11,8,0,0,1.8,6.42,0.42,0.1764,0.074088,0
"97",533,0,28,6.42,11,8,1,0,2.7,8.42,2.42,5.8564,14.172488,1
"98",533,0,28,6.42,11,8,2,1,4,10.42,4.42,19.5364,86.350888,4
"99",533,0,28,6.42,11,8,3,0,4.5,12.42,6.42,41.2164,264.609288,9
"100",555,0,28,7.75,9,5,0,1,3.8,7.75,1.75,3.0625,5.359375,0
"101",555,0,28,7.75,9,5,1,3,5.7,9.75,3.75,14.0625,52.734375,1
"102",555,0,28,7.75,9,5,2,0,6.2,11.75,5.75,33.0625,190.109375,4
"103",555,0,28,7.75,9,5,3,0,6.8,13.75,7.75,60.0625,465.484375,9
"104",568,0,27,6,8,8,0,2,1.8,6,0,0,0,0
"105",568,0,27,6,8,8,1,0,4.2,8,2,4,8,1
"106",568,0,27,6,8,8,2,1,5.1,10,4,16,64,4
"107",568,0,27,6,8,8,3,2,7.2,12,6,36,216,9
"108",637,1,27,6.17,4,6,0,0,2.6,6.17,0.17,0.0289,0.00491299999999999,0
"109",637,1,27,6.17,4,6,1,3,2.5,8.17,2.17,4.7089,10.218313,1
"110",637,1,27,6.17,4,6,2,2,3.3,10.17,4.17,17.3889,72.511713,4
"111",637,1,27,6.17,4,6,3,2,4.4,12.17,6.17,38.0689,234.885113,9
"112",648,0,27,8,7,7,0,5,3.6,8,2,4,8,0
"113",648,0,27,8,7,7,1,0,5.2,10,4,16,64,1
"114",648,0,27,8,7,7,2,5,6,12,6,36,216,4
"115",648,0,27,8,7,7,3,3,7.5,14,8,64,512,9
"116",689,0,26,6,12,13,0,0,1.8,6,0,0,0,0
"117",689,0,26,6,12,13,1,1,2.4,8,2,4,8,1
"118",689,0,26,6,12,13,2,2,3.7,10,4,16,64,4
"119",689,0,26,6,12,13,3,2,5.4,12,6,36,216,9
"120",747,1,26,6.67,6,9,0,1,3,6.67,0.67,0.4489,0.300763,0
"121",747,1,26,6.67,6,9,1,4,4.7,8.67,2.67,7.1289,19.034163,1
"122",747,1,26,6.67,6,9,2,1,6.5,10.67,4.67,21.8089,101.847563,4
"123",747,1,26,6.67,6,9,3,1,6.1,12.67,6.67,44.4889,296.740963,9
"124",756,0,26,6.5,9,7,0,3,2.3,6.5,0.5,0.25,0.125,0
"125",756,0,26,6.5,9,7,1,2,4.2,8.5,2.5,6.25,15.625,1
"126",756,0,26,6.5,9,7,3,5,6.7,12.5,6.5,42.25,274.625,9
"127",761,1,26,7.83,9,11,0,1,2.1,7.83,1.83,3.3489,6.128487,0
"128",761,1,26,7.83,9,11,1,3,2.5,9.83,3.83,14.6689,56.181887,1
"129",761,1,26,7.83,9,11,2,3,4,11.83,5.83,33.9889,198.155287,4
"130",761,1,26,7.83,9,11,3,1,3.3,13.83,7.83,61.3089,480.048687,9
"131",768,0,27,6.92,12,11,0,0,2.8,6.92,0.92,0.8464,0.778688,0
"132",768,0,27,6.92,12,11,1,0,5,8.92,2.92,8.5264,24.897088,1
"133",768,0,27,6.92,12,11,2,0,6,10.92,4.92,24.2064,119.095488,4
"134",768,0,27,6.92,12,11,3,0,6.1,12.92,6.92,47.8864,331.373888,9
"135",780,1,26,6.08,9,11,0,1,1.8,6.08,0.0800000000000001,0.00640000000000001,0.000512000000000001,0
"136",780,1,26,6.08,9,11,1,3,2.9,8.08,2.08,4.3264,8.998912,1
"137",780,1,26,6.08,9,11,2,2,6,10.08,4.08,16.6464,67.917312,4
"138",780,1,26,6.08,9,11,3,3,NA,12.08,6.08,36.9664,224.755712,9
"139",798,0,27,6,10,12,0,1,1.8,6,0,0,0,0
"140",798,0,27,6,10,12,1,3,2.4,8,2,4,8,1
"141",798,0,27,6,10,12,2,3,3.5,10,4,16,64,4
"142",798,0,27,6,10,12,3,5,4.4,12,6,36,216,9
"143",813,1,26,7,3,7,0,1,2.8,7,1,1,1,0
"144",813,1,26,7,3,7,1,2,3.8,9,3,9,27,1
"145",813,1,26,7,3,7,2,3,3.9,11,5,25,125,4
"146",813,1,26,7,3,7,3,1,5,13,7,49,343,9
"147",828,0,26,6.42,9,7,0,2,1.7,6.42,0.42,0.1764,0.074088,0
"148",828,0,26,6.42,9,7,1,2,2.8,8.42,2.42,5.8564,14.172488,1
"149",828,0,26,6.42,9,7,2,4,3.9,10.42,4.42,19.5364,86.350888,4
"150",828,0,26,6.42,9,7,3,3,4.8,12.42,6.42,41.2164,264.609288,9
"151",851,0,26,6.5,9,8,0,2,3.1,6.5,0.5,0.25,0.125,0
"152",851,0,26,6.5,9,8,1,5,5.2,8.5,2.5,6.25,15.625,1
"153",851,0,26,6.5,9,8,2,5,6.2,10.5,4.5,20.25,91.125,4
"154",851,0,26,6.5,9,8,3,7,6.8,12.5,6.5,42.25,274.625,9
"155",858,1,26,6.25,13,10,0,4,1.3,6.25,0.25,0.0625,0.015625,0
"156",858,1,26,6.25,13,10,1,0,2.3,8.25,2.25,5.0625,11.390625,1
"157",858,1,26,6.25,13,10,2,4,2.5,10.25,4.25,18.0625,76.765625,4
"158",858,1,26,6.25,13,10,3,4,3.4,12.25,6.25,39.0625,244.140625,9
"159",865,0,26,7.5,7,7,0,4,2.3,7.5,1.5,2.25,3.375,0
"160",865,0,26,7.5,7,7,1,0,4.1,9.5,3.5,12.25,42.875,1
"161",865,0,26,7.5,7,7,3,6,5.4,13.5,7.5,56.25,421.875,9
"162",894,1,27,6.17,12,9,0,1,1.8,6.17,0.17,0.0289,0.00491299999999999,0
"163",894,1,27,6.17,12,9,1,3,3.5,8.17,2.17,4.7089,10.218313,1
"164",894,1,27,6.17,12,9,2,3,3.7,10.17,4.17,17.3889,72.511713,4
"165",894,1,27,6.17,12,9,3,2,5.6,12.17,6.17,38.0689,234.885113,9
"166",906,1,26,6.5,10,12,0,0,1.7,6.5,0.5,0.25,0.125,0
"167",906,1,26,6.5,10,12,1,2,2.1,8.5,2.5,6.25,15.625,1
"168",906,1,26,6.5,10,12,2,3,NA,10.5,4.5,20.25,91.125,4
"169",906,1,26,6.5,10,12,3,2,2.5,12.5,6.5,42.25,274.625,9
"170",911,1,26,7.75,7,8,0,3,1.9,7.75,1.75,3.0625,5.359375,0
"171",911,1,26,7.75,7,8,1,0,2.3,9.75,3.75,14.0625,52.734375,1
"172",911,1,26,7.75,7,8,2,4,3,11.75,5.75,33.0625,190.109375,4
"173",911,1,26,7.75,7,8,3,1,2.8,13.75,7.75,60.0625,465.484375,9
"174",936,0,26,8,10,10,0,0,3.3,8,2,4,8,0
"175",936,0,26,8,10,10,1,0,4.4,10,4,16,64,1
"176",936,0,26,8,10,10,2,1,5.9,12,6,36,216,4
"177",936,0,26,8,10,10,3,0,5.8,14,8,64,512,9
"178",939,1,26,7.42,8,10,0,4,3.1,7.42,1.42,2.0164,2.863288,0
"179",939,1,26,7.42,8,10,1,2,4.1,9.42,3.42,11.6964,40.001688,1
"180",939,1,26,7.42,8,10,2,2,4.7,11.42,5.42,29.3764,159.220088,4
"181",939,1,26,7.42,8,10,3,3,5.1,13.42,7.42,55.0564,408.518488,9
"182",945,0,27,7.83,8,11,0,1,2.7,7.83,1.83,3.3489,6.128487,0
"183",945,0,27,7.83,8,11,1,0,4.9,9.83,3.83,14.6689,56.181887,1
"184",945,0,27,7.83,8,11,2,1,5,11.83,5.83,33.9889,198.155287,4
"185",945,0,27,7.83,8,11,3,0,NA,13.83,7.83,61.3089,480.048687,9
"186",957,0,27,7.08,13,6,0,1,2.1,7.08,1.08,1.1664,1.259712,0
"187",957,0,27,7.08,13,6,1,1,4,9.08,3.08,9.4864,29.218112,1
"188",957,0,27,7.08,13,6,2,1,4.4,11.08,5.08,25.8064,131.096512,4
"189",963,1,27,6.25,12,11,0,6,1.9,6.25,0.25,0.0625,0.015625,0
"190",963,1,27,6.25,12,11,1,5,3,8.25,2.25,5.0625,11.390625,1
"191",963,1,27,6.25,12,11,2,3,4.1,10.25,4.25,18.0625,76.765625,4
"192",963,1,27,6.25,12,11,3,4,4.4,12.25,6.25,39.0625,244.140625,9
"193",970,0,26,7.58,7,11,0,2,2.2,7.58,1.58,2.4964,3.944312,0
"194",970,0,26,7.58,7,11,1,5,3.9,9.58,3.58,12.8164,45.882712,1
"195",970,0,26,7.58,7,11,2,1,5.7,11.58,5.58,31.1364,173.741112,4
"196",970,0,26,7.58,7,11,3,2,6,13.58,7.58,57.4564,435.519512,9
"197",1031,0,26,6.33,8,7,0,0,2.5,6.33,0.33,0.1089,0.035937,0
"198",1031,0,26,6.33,8,7,1,0,4,8.33,2.33,5.4289,12.649337,1
"199",1031,0,26,6.33,8,7,2,2,4.4,10.33,4.33,18.7489,81.182737,4
"200",1031,0,26,6.33,8,7,3,0,5.5,12.33,6.33,40.0689,253.636137,9
"201",1036,1,26,6.92,8,12,0,0,2.4,6.92,0.92,0.8464,0.778688,0
"202",1036,1,26,6.92,8,12,1,3,3.9,8.92,2.92,8.5264,24.897088,1
"203",1036,1,26,6.92,8,12,2,4,5.1,10.92,4.92,24.2064,119.095488,4
"204",1036,1,26,6.92,8,12,3,1,5.6,12.92,6.92,47.8864,331.373888,9
"205",1048,0,25,6.42,8,9,0,0,2,6.42,0.42,0.1764,0.074088,0
"206",1048,0,25,6.42,8,9,1,1,4,8.42,2.42,5.8564,14.172488,1
"207",1048,0,25,6.42,8,9,2,1,NA,10.42,4.42,19.5364,86.350888,4
"208",1048,0,25,6.42,8,9,3,2,5.7,12.42,6.42,41.2164,264.609288,9
"209",1050,0,25,6.17,10,11,0,1,2.1,6.17,0.17,0.0289,0.00491299999999999,0
"210",1050,0,25,6.17,10,11,1,0,NA,8.17,2.17,4.7089,10.218313,1
"211",1050,0,25,6.17,10,11,2,0,4.5,10.17,4.17,17.3889,72.511713,4
"212",1050,0,25,6.17,10,11,3,0,5.3,12.17,6.17,38.0689,234.885113,9
"213",1072,1,25,8,8,9,0,6,1.7,8,2,4,8,0
"214",1072,1,25,8,8,9,1,6,2.1,10,4,16,64,1
"215",1076,0,25,6.75,13,11,0,0,2,6.75,0.75,0.5625,0.421875,0
"216",1076,0,25,6.75,13,11,1,0,4.3,8.75,2.75,7.5625,20.796875,1
"217",1076,0,25,6.75,13,11,2,2,5,10.75,4.75,22.5625,107.171875,4
"218",1076,0,25,6.75,13,11,3,2,5.7,12.75,6.75,45.5625,307.546875,9
"219",1086,0,25,6.92,6,8,0,0,2.2,6.92,0.92,0.8464,0.778688,0
"220",1086,0,25,6.92,6,8,1,2,3.2,8.92,2.92,8.5264,24.897088,1
"221",1086,0,25,6.92,6,8,2,0,4.6,10.92,4.92,24.2064,119.095488,4
"222",1086,0,25,6.92,6,8,3,1,5.6,12.92,6.92,47.8864,331.373888,9
"223",1091,0,25,7.5,11,7,0,0,4.4,7.5,1.5,2.25,3.375,0
"224",1111,0,25,8,5,9,0,1,2,8,2,4,8,0
"225",1111,0,25,8,5,9,1,0,2.6,10,4,16,64,1
"226",1111,0,25,8,5,9,2,3,3.4,12,6,36,216,4
"227",1123,0,25,6.5,11,11,0,1,2.1,6.5,0.5,0.25,0.125,0
"228",1123,0,25,6.5,11,11,1,2,3.2,8.5,2.5,6.25,15.625,1
"229",1123,0,25,6.5,11,11,2,1,4.9,10.5,4.5,20.25,91.125,4
"230",1123,0,25,6.5,11,11,3,2,5.9,12.5,6.5,42.25,274.625,9
"231",1135,0,25,8,9,11,0,0,3.2,8,2,4,8,0
"232",1135,0,25,8,9,11,1,1,4,10,4,16,64,1
"233",1135,0,25,8,9,11,2,1,4.4,12,6,36,216,4
"234",1135,0,25,8,9,11,3,3,5.9,14,8,64,512,9
"235",1139,0,25,7.92,12,11,0,0,2.4,7.92,1.92,3.6864,7.077888,0
"236",1139,0,25,7.92,12,11,1,0,3.6,9.92,3.92,15.3664,60.236288,1
"237",1139,0,25,7.92,12,11,2,0,4.6,11.92,5.92,35.0464,207.474688,4
"238",1139,0,25,7.92,12,11,3,0,5.1,13.92,7.92,62.7264,496.793088,9
"239",1166,1,26,6.75,4,9,0,4,1.8,6.75,0.75,0.5625,0.421875,0
"240",1166,1,26,6.75,4,9,1,2,2.6,8.75,2.75,7.5625,20.796875,1
"241",1166,1,26,6.75,4,9,2,1,3.8,10.75,4.75,22.5625,107.171875,4
"242",1166,1,26,6.75,4,9,3,NA,3.9,12.75,6.75,45.5625,307.546875,9
"243",1170,1,26,7.83,8,9,0,3,2.9,7.83,1.83,3.3489,6.128487,0
"244",1170,1,26,7.83,8,9,1,NA,4,9.83,3.83,14.6689,56.181887,1
"245",1170,1,26,7.83,8,9,2,2,5.1,11.83,5.83,33.9889,198.155287,4
"246",1193,1,25,7.17,8,7,0,5,2.6,7.17,1.17,1.3689,1.601613,0
"247",1193,1,25,7.17,8,7,1,2,3.5,9.17,3.17,10.0489,31.855013,1
"248",1193,1,25,7.17,8,7,2,1,4.1,11.17,5.17,26.7289,138.188413,4
"249",1193,1,25,7.17,8,7,3,7,6.2,13.17,7.17,51.4089,368.601813,9
"250",1204,0,25,8,5,6,0,0,3.5,8,2,4,8,0
"251",1204,0,25,8,5,6,1,0,4.3,10,4,16,64,1
"252",1204,0,25,8,5,6,2,3,4.8,12,6,36,216,4
"253",1204,0,25,8,5,6,3,0,5.6,14,8,64,512,9
"254",1220,0,26,7.58,9,4,0,1,4.6,7.58,1.58,2.4964,3.944312,0
"255",1220,0,26,7.58,9,4,1,3,6,9.58,3.58,12.8164,45.882712,1
"256",1220,0,26,7.58,9,4,2,2,6.1,11.58,5.58,31.1364,173.741112,4
"257",1220,0,26,7.58,9,4,3,1,6.1,13.58,7.58,57.4564,435.519512,9
"258",1240,0,25,7.92,12,11,0,0,4.7,7.92,1.92,3.6864,7.077888,0
"259",1240,0,25,7.92,12,11,1,0,6,9.92,3.92,15.3664,60.236288,1
"260",1240,0,25,7.92,12,11,2,0,7,11.92,5.92,35.0464,207.474688,4
"261",1240,0,25,7.92,12,11,3,0,8,13.92,7.92,62.7264,496.793088,9
"262",1258,0,25,7.92,10,6,0,6,2.5,7.92,1.92,3.6864,7.077888,0
"263",1258,0,25,7.92,10,6,1,6,NA,9.92,3.92,15.3664,60.236288,1
"264",1258,0,25,7.92,10,6,2,3,6.9,11.92,5.92,35.0464,207.474688,4
"265",1258,0,25,7.92,10,6,3,4,5.1,13.92,7.92,62.7264,496.793088,9
"266",1271,0,25,7.67,9,6,0,2,3.1,7.67,1.67,2.7889,4.657463,0
"267",1271,0,25,7.67,9,6,1,1,4.1,9.67,3.67,13.4689,49.430863,1
"268",1271,0,25,7.67,9,6,2,0,5.8,11.67,5.67,32.1489,182.284263,4
"269",1271,0,25,7.67,9,6,3,1,7.4,13.67,7.67,58.8289,451.217663,9
"270",1294,0,26,7.83,7,8,0,1,4,7.83,1.83,3.3489,6.128487,0
"271",1294,0,26,7.83,7,8,1,0,5.5,9.83,3.83,14.6689,56.181887,1
"272",1294,0,26,7.83,7,8,2,0,8.1,11.83,5.83,33.9889,198.155287,4
"273",1331,0,25,7,8,9,0,0,2.1,7,1,1,1,0
"274",1331,0,25,7,8,9,1,2,3,9,3,9,27,1
"275",1331,0,25,7,8,9,2,2,4,11,5,25,125,4
"276",1331,0,25,7,8,9,3,0,4,13,7,49,343,9
"277",1335,1,25,7.5,5,7,0,1,3.6,7.5,1.5,2.25,3.375,0
"278",1335,1,25,7.5,5,7,1,1,3.8,9.5,3.5,12.25,42.875,1
"279",1335,1,25,7.5,5,7,2,1,5.3,11.5,5.5,30.25,166.375,4
"280",1335,1,25,7.5,5,7,3,2,5.9,13.5,7.5,56.25,421.875,9
"281",1361,1,25,7.33,11,12,0,1,4,7.33,1.33,1.7689,2.352637,0
"282",1361,1,25,7.33,11,12,1,2,6.1,9.33,3.33,11.0889,36.926037,1
"283",1361,1,25,7.33,11,12,2,1,7.5,11.33,5.33,28.4089,151.419437,4
"284",1361,1,25,7.33,11,12,3,2,6.6,13.33,7.33,53.7289,393.832837,9
"285",1378,1,26,7.67,11,12,0,3,3.2,7.67,1.67,2.7889,4.657463,0
"286",1378,1,26,7.67,11,12,1,1,3.6,9.67,3.67,13.4689,49.430863,1
"287",1378,1,26,7.67,11,12,2,1,4.2,11.67,5.67,32.1489,182.284263,4
"288",1378,1,26,7.67,11,12,3,0,4.4,13.67,7.67,58.8289,451.217663,9
"289",1386,1,25,7.58,7,12,0,5,2.4,7.58,1.58,2.4964,3.944312,0
"290",1386,1,25,7.58,7,12,2,0,3.3,11.58,5.58,31.1364,173.741112,4
"291",1386,1,25,7.58,7,12,3,0,NA,13.58,7.58,57.4564,435.519512,9
"292",1392,0,26,7.83,4,10,0,2,2.8,7.83,1.83,3.3489,6.128487,0
"293",1392,0,26,7.83,4,10,1,NA,5.1,9.83,3.83,14.6689,56.181887,1
"294",1392,0,26,7.83,4,10,2,0,7.7,11.83,5.83,33.9889,198.155287,4
"295",1392,0,26,7.83,4,10,3,2,6.7,13.83,7.83,61.3089,480.048687,9
"296",1412,1,25,6.33,10,7,0,2,5.6,6.33,0.33,0.1089,0.035937,0
"297",1412,1,25,6.33,10,7,1,3,4.6,8.33,2.33,5.4289,12.649337,1
"298",1412,1,25,6.33,10,7,2,2,6,10.33,4.33,18.7489,81.182737,4
"299",1412,1,25,6.33,10,7,3,2,6.3,12.33,6.33,40.0689,253.636137,9
"300",1419,1,24,6.83,8,8,0,1,1.8,6.83,0.83,0.6889,0.571787,0
"301",1419,1,24,6.83,8,8,1,1,3,8.83,2.83,8.0089,22.665187,1
"302",1422,0,25,6.33,8,8,0,1,1.8,6.33,0.33,0.1089,0.035937,0
"303",1422,0,25,6.33,8,8,1,4,3.8,8.33,2.33,5.4289,12.649337,1
"304",1422,0,25,6.33,8,8,2,1,4.7,10.33,4.33,18.7489,81.182737,4
"305",1456,0,24,6.75,9,11,0,0,2.3,6.75,0.75,0.5625,0.421875,0
"306",1456,0,24,6.75,9,11,1,0,4.4,8.75,2.75,7.5625,20.796875,1
"307",1456,0,24,6.75,9,11,2,2,5.6,10.75,4.75,22.5625,107.171875,4
"308",1456,0,24,6.75,9,11,3,5,7.2,12.75,6.75,45.5625,307.546875,9
"309",1463,1,25,7.08,9,7,0,1,2.2,7.08,1.08,1.1664,1.259712,0
"310",1463,1,25,7.08,9,7,1,2,3.7,9.08,3.08,9.4864,29.218112,1
"311",1463,1,25,7.08,9,7,2,2,4.8,11.08,5.08,25.8064,131.096512,4
"312",1463,1,25,7.08,9,7,3,4,5.4,13.08,7.08,50.1264,354.894912,9
"313",1466,0,24,7.83,10,7,0,1,3.5,7.83,1.83,3.3489,6.128487,0
"314",1466,0,24,7.83,10,7,1,0,4.2,9.83,3.83,14.6689,56.181887,1
"315",1466,0,24,7.83,10,7,2,0,4.9,11.83,5.83,33.9889,198.155287,4
"316",1466,0,24,7.83,10,7,3,3,4.4,13.83,7.83,61.3089,480.048687,9
"317",1491,1,25,6.58,12,11,0,2,2.3,6.58,0.58,0.3364,0.195112,0
"318",1491,1,25,6.58,12,11,1,0,4.2,8.58,2.58,6.6564,17.173512,1
"319",1491,1,25,6.58,12,11,2,1,5.3,10.58,4.58,20.9764,96.071912,4
"320",1491,1,25,6.58,12,11,3,0,5.4,12.58,6.58,43.2964,284.890312,9
"321",1498,1,24,6.58,10,11,0,1,3.8,6.58,0.58,0.3364,0.195112,0
"322",1498,1,24,6.58,10,11,1,3,5.5,8.58,2.58,6.6564,17.173512,1
"323",1498,1,24,6.58,10,11,2,0,7.8,10.58,4.58,20.9764,96.071912,4
"324",1498,1,24,6.58,10,11,3,2,NA,12.58,6.58,43.2964,284.890312,9
"325",1515,1,24,6.5,8,10,0,4,2.1,6.5,0.5,0.25,0.125,0
"326",1515,1,24,6.5,8,10,1,3,3,8.5,2.5,6.25,15.625,1
"327",1515,1,24,6.5,8,10,2,5,3.7,10.5,4.5,20.25,91.125,4
"328",1515,1,24,6.5,8,10,3,4,4.8,12.5,6.5,42.25,274.625,9
"329",1530,1,24,7.17,8,12,0,0,2.7,7.17,1.17,1.3689,1.601613,0
"330",1530,1,24,7.17,8,12,1,0,4.7,9.17,3.17,10.0489,31.855013,1
"331",1530,1,24,7.17,8,12,2,0,5.9,11.17,5.17,26.7289,138.188413,4
"332",1530,1,24,7.17,8,12,3,0,6.9,13.17,7.17,51.4089,368.601813,9
"333",1537,0,24,6.25,6,7,0,1,1.8,6.25,0.25,0.0625,0.015625,0
"334",1537,0,24,6.25,6,7,1,0,3.1,8.25,2.25,5.0625,11.390625,1
"335",1537,0,24,6.25,6,7,2,1,3.7,10.25,4.25,18.0625,76.765625,4
"336",1537,0,24,6.25,6,7,3,2,4.3,12.25,6.25,39.0625,244.140625,9
"337",1550,0,24,7.42,5,8,0,4,3.9,7.42,1.42,2.0164,2.863288,0
"338",1550,0,24,7.42,5,8,1,2,5.1,9.42,3.42,11.6964,40.001688,1
"339",1552,1,25,6,13,8,0,3,1.8,6,0,0,0,0
"340",1552,1,25,6,13,8,1,0,3.5,8,2,4,8,1
"341",1552,1,25,6,13,8,2,3,4.5,10,4,16,64,4
"342",1552,1,25,6,13,8,3,0,5.9,12,6,36,216,9
"343",1559,0,24,8,10,3,0,4,2.3,8,2,4,8,0
"344",1559,0,24,8,10,3,1,4,2.7,10,4,16,64,1
"345",1559,0,24,8,10,3,2,3,4.1,12,6,36,216,4
"346",1559,0,24,8,10,3,3,2,4.4,14,8,64,512,9
"347",1577,1,25,6.67,2,0,0,4,1.8,6.67,0.67,0.4489,0.300763,0
"348",1577,1,25,6.67,2,0,1,8,2.6,8.67,2.67,7.1289,19.034163,1
"349",1577,1,25,6.67,2,0,2,6,3.3,10.67,4.67,21.8089,101.847563,4
"350",1582,0,24,6.33,11,8,0,5,2.3,6.33,0.33,0.1089,0.035937,0
"351",1582,0,24,6.33,11,8,1,1,6,8.33,2.33,5.4289,12.649337,1
"352",1582,0,24,6.33,11,8,2,0,7.8,10.33,4.33,18.7489,81.182737,4
"353",1584,0,25,6.92,12,9,0,0,2.1,6.92,0.92,0.8464,0.778688,0
"354",1584,0,25,6.92,12,9,1,1,3.1,8.92,2.92,8.5264,24.897088,1
"355",1584,0,25,6.92,12,9,2,0,3.9,10.92,4.92,24.2064,119.095488,4
"356",1584,0,25,6.92,12,9,3,1,4.7,12.92,6.92,47.8864,331.373888,9
"357",1599,1,24,6.17,7,9,0,2,1.8,6.17,0.17,0.0289,0.00491299999999999,0
"358",1599,1,24,6.17,7,9,1,7,NA,8.17,2.17,4.7089,10.218313,1
"359",1599,1,24,6.17,7,9,2,NA,2.4,10.17,4.17,17.3889,72.511713,4
"360",1608,1,24,7.42,6,5,0,1,3.8,7.42,1.42,2.0164,2.863288,0
"361",1608,1,24,7.42,6,5,1,4,4.8,9.42,3.42,11.6964,40.001688,1
"362",1608,1,24,7.42,6,5,2,2,NA,11.42,5.42,29.3764,159.220088,4
"363",1608,1,24,7.42,6,5,3,4,7,13.42,7.42,55.0564,408.518488,9
"364",1621,1,25,7.83,11,11,0,0,3.5,7.83,1.83,3.3489,6.128487,0
"365",1621,1,25,7.83,11,11,1,1,4.8,9.83,3.83,14.6689,56.181887,1
"366",1621,1,25,7.83,11,11,2,3,5.4,11.83,5.83,33.9889,198.155287,4
"367",1621,1,25,7.83,11,11,3,3,6.2,13.83,7.83,61.3089,480.048687,9
"368",1639,1,24,6.58,12,9,0,0,1.5,6.58,0.58,0.3364,0.195112,0
"369",1639,1,24,6.58,12,9,1,1,2,8.58,2.58,6.6564,17.173512,1
"370",1639,1,24,6.58,12,9,2,1,NA,10.58,4.58,20.9764,96.071912,4
"371",1639,1,24,6.58,12,9,3,0,2.6,12.58,6.58,43.2964,284.890312,9
"372",1648,1,25,7.25,11,9,0,5,4.1,7.25,1.25,1.5625,1.953125,0
"373",1648,1,25,7.25,11,9,1,2,4.7,9.25,3.25,10.5625,34.328125,1
"374",1648,1,25,7.25,11,9,3,1,6.4,13.25,7.25,52.5625,381.078125,9
"375",1652,0,25,6.83,11,11,0,0,3.6,6.83,0.83,0.6889,0.571787,0
"376",1652,0,25,6.83,11,11,1,1,5.4,8.83,2.83,8.0089,22.665187,1
"377",1652,0,25,6.83,11,11,2,0,6.2,10.83,4.83,23.3289,112.678587,4
"378",1652,0,25,6.83,11,11,3,0,7.7,12.83,6.83,46.6489,318.611987,9
"379",1659,1,25,6.42,8,9,0,0,3.7,6.42,0.42,0.1764,0.074088,0
"380",1659,1,25,6.42,8,9,1,0,5.2,8.42,2.42,5.8564,14.172488,1
"381",1659,1,25,6.42,8,9,2,3,5.7,10.42,4.42,19.5364,86.350888,4
"382",1659,1,25,6.42,8,9,3,2,7.8,12.42,6.42,41.2164,264.609288,9
"383",1665,0,24,8,5,11,0,0,4.3,8,2,4,8,0
"384",1665,0,24,8,5,11,1,4,5,10,4,16,64,1
"385",1665,0,24,8,5,11,2,5,5.3,12,6,36,216,4
"386",1665,0,24,8,5,11,3,3,6.7,14,8,64,512,9
"387",1666,1,24,7.58,7,11,0,2,4.7,7.58,1.58,2.4964,3.944312,0
"388",1666,1,24,7.58,7,11,1,3,5.3,9.58,3.58,12.8164,45.882712,1
"389",1666,1,24,7.58,7,11,2,4,6.1,11.58,5.58,31.1364,173.741112,4
"390",1666,1,24,7.58,7,11,3,3,7,13.58,7.58,57.4564,435.519512,9
"391",1682,0,24,6.5,7,5,0,2,1.8,6.5,0.5,0.25,0.125,0
"392",1682,0,24,6.5,7,5,1,1,2.9,8.5,2.5,6.25,15.625,1
"393",1682,0,24,6.5,7,5,3,1,4.2,12.5,6.5,42.25,274.625,9
"394",1700,1,24,6.17,5,5,0,0,1.8,6.17,0.17,0.0289,0.00491299999999999,0
"395",1700,1,24,6.17,5,5,1,4,4.5,8.17,2.17,4.7089,10.218313,1
"396",1700,1,24,6.17,5,5,2,10,5.6,10.17,4.17,17.3889,72.511713,4
"397",1700,1,24,6.17,5,5,3,7,5.8,12.17,6.17,38.0689,234.885113,9
"398",1741,1,23,6.83,10,4,0,2,2.1,6.83,0.83,0.6889,0.571787,0
"399",1741,1,23,6.83,10,4,1,2,3.5,8.83,2.83,8.0089,22.665187,1
"400",1741,1,23,6.83,10,4,2,3,4.5,10.83,4.83,23.3289,112.678587,4
"401",1741,1,23,6.83,10,4,3,2,5.1,12.83,6.83,46.6489,318.611987,9
"402",1756,1,23,7.58,8,7,0,3,2.4,7.58,1.58,2.4964,3.944312,0
"403",1756,1,23,7.58,8,7,1,5,3.7,9.58,3.58,12.8164,45.882712,1
"404",1756,1,23,7.58,8,7,2,5,4.7,11.58,5.58,31.1364,173.741112,4
"405",1756,1,23,7.58,8,7,3,3,5.5,13.58,7.58,57.4564,435.519512,9
"406",1763,0,23,6.75,6,6,0,1,2.6,6.75,0.75,0.5625,0.421875,0
"407",1763,0,23,6.75,6,6,1,1,5.2,8.75,2.75,7.5625,20.796875,1
"408",1763,0,23,6.75,6,6,2,4,NA,10.75,4.75,22.5625,107.171875,4
"409",1763,0,23,6.75,6,6,3,3,NA,12.75,6.75,45.5625,307.546875,9
"410",1810,0,23,6.42,8,6,0,3,2.1,6.42,0.42,0.1764,0.074088,0
"411",1810,0,23,6.42,8,6,1,2,2.3,8.42,2.42,5.8564,14.172488,1
"412",1828,1,24,6.75,9,7,0,1,2.5,6.75,0.75,0.5625,0.421875,0
"413",1828,1,24,6.75,9,7,1,6,4.7,8.75,2.75,7.5625,20.796875,1
"414",1828,1,24,6.75,9,7,2,2,5.3,10.75,4.75,22.5625,107.171875,4
"415",1828,1,24,6.75,9,7,3,3,5.5,12.75,6.75,45.5625,307.546875,9
"416",1830,0,24,6.08,9,7,0,1,1.9,6.08,0.0800000000000001,0.00640000000000001,0.000512000000000001,0
"417",1830,0,24,6.08,9,7,1,0,5.5,8.08,2.08,4.3264,8.998912,1
"418",1830,0,24,6.08,9,7,2,2,5.5,10.08,4.08,16.6464,67.917312,4
"419",1830,0,24,6.08,9,7,3,0,5.5,12.08,6.08,36.9664,224.755712,9
"420",1836,0,23,8,4,3,0,1,2.1,8,2,4,8,0
"421",1836,0,23,8,4,3,1,1,2.5,10,4,16,64,1
"422",1836,0,23,8,4,3,2,2,3.1,12,6,36,216,4
"423",1836,0,23,8,4,3,3,1,3.4,14,8,64,512,9
"424",1843,0,24,7.5,9,11,0,2,2.3,7.5,1.5,2.25,3.375,0
"425",1843,0,24,7.5,9,11,1,1,3.3,9.5,3.5,12.25,42.875,1
"426",1843,0,24,7.5,9,11,2,4,3.3,11.5,5.5,30.25,166.375,4
"427",1848,1,23,6,12,10,0,0,1.8,6,0,0,0,0
"428",1848,1,23,6,12,10,1,0,2.5,8,2,4,8,1
"429",1848,1,23,6,12,10,2,0,4,10,4,16,64,4
"430",1848,1,23,6,12,10,3,0,4.1,12,6,36,216,9
"431",1886,1,24,6.58,3,5,0,1,3,6.58,0.58,0.3364,0.195112,0
"432",1886,1,24,6.58,3,5,1,2,3.8,8.58,2.58,6.6564,17.173512,1
"433",1886,1,24,6.58,3,5,2,1,4.5,10.58,4.58,20.9764,96.071912,4
"434",1886,1,24,6.58,3,5,3,1,5.5,12.58,6.58,43.2964,284.890312,9
"435",1888,0,24,7.25,6,7,0,0,2.5,7.25,1.25,1.5625,1.953125,0
"436",1888,0,24,7.25,6,7,1,0,2.6,9.25,3.25,10.5625,34.328125,1
"437",1888,0,24,7.25,6,7,2,0,3.7,11.25,5.25,27.5625,144.703125,4
"438",1888,0,24,7.25,6,7,3,0,3.5,13.25,7.25,52.5625,381.078125,9
"439",1926,1,24,6.08,6,5,0,2,1.7,6.08,0.0800000000000001,0.00640000000000001,0.000512000000000001,0
"440",1926,1,24,6.08,6,5,1,2,2.2,8.08,2.08,4.3264,8.998912,1
"441",1926,1,24,6.08,6,5,2,0,NA,10.08,4.08,16.6464,67.917312,4
"442",1934,1,23,7.42,10,3,0,7,3.2,7.42,1.42,2.0164,2.863288,0
"443",1934,1,23,7.42,10,3,1,5,5.5,9.42,3.42,11.6964,40.001688,1
"444",1934,1,23,7.42,10,3,2,5,5.6,11.42,5.42,29.3764,159.220088,4
"445",1934,1,23,7.42,10,3,3,4,4.9,13.42,7.42,55.0564,408.518488,9
"446",1940,0,23,6.42,4,6,0,0,1.9,6.42,0.42,0.1764,0.074088,0
"447",1940,0,23,6.42,4,6,1,6,2.8,8.42,2.42,5.8564,14.172488,1
"448",1940,0,23,6.42,4,6,2,3,3.3,10.42,4.42,19.5364,86.350888,4
"449",1940,0,23,6.42,4,6,3,3,3.6,12.42,6.42,41.2164,264.609288,9
"450",1969,1,24,6.42,12,10,0,1,1.8,6.42,0.42,0.1764,0.074088,0
"451",1969,1,24,6.42,12,10,1,5,4.8,8.42,2.42,5.8564,14.172488,1
"452",1969,1,24,6.42,12,10,2,2,6.5,10.42,4.42,19.5364,86.350888,4
"453",1969,1,24,6.42,12,10,3,2,6.8,12.42,6.42,41.2164,264.609288,9
"454",1975,1,23,6.83,7,9,0,4,2.4,6.83,0.83,0.6889,0.571787,0
"455",1975,1,23,6.83,7,9,1,3,3.8,8.83,2.83,8.0089,22.665187,1
"456",1975,1,23,6.83,7,9,2,4,4.7,10.83,4.83,23.3289,112.678587,4
"457",1975,1,23,6.83,7,9,3,4,5.2,12.83,6.83,46.6489,318.611987,9
"458",1996,1,24,7.25,10,11,0,3,1.8,7.25,1.25,1.5625,1.953125,0
"459",1996,1,24,7.25,10,11,1,1,4.1,9.25,3.25,10.5625,34.328125,1
"460",1996,1,24,7.25,10,11,2,0,5.3,11.25,5.25,27.5625,144.703125,4
"461",1996,1,24,7.25,10,11,3,NA,7.9,13.25,7.25,52.5625,381.078125,9
"462",2025,1,23,6.67,12,10,0,4,2.9,6.67,0.67,0.4489,0.300763,0
"463",2025,1,23,6.67,12,10,1,4,2.9,8.67,2.67,7.1289,19.034163,1
"464",2025,1,23,6.67,12,10,2,8,4.5,10.67,4.67,21.8089,101.847563,4
"465",2031,0,23,7.42,6,7,0,3,2.8,7.42,1.42,2.0164,2.863288,0
"466",2031,0,23,7.42,6,7,1,9,3.8,9.42,3.42,11.6964,40.001688,1
"467",2031,0,23,7.42,6,7,2,4,4.3,11.42,5.42,29.3764,159.220088,4
"468",2031,0,23,7.42,6,7,3,7,5,13.42,7.42,55.0564,408.518488,9
"469",2039,1,23,6,6,6,0,0,1.7,6,0,0,0,0
"470",2039,1,23,6,6,6,1,3,4.2,8,2,4,8,1
"471",2058,1,24,6.75,5,7,0,1,3.5,6.75,0.75,0.5625,0.421875,0
"472",2058,1,24,6.75,5,7,1,0,4.2,8.75,2.75,7.5625,20.796875,1
"473",2058,1,24,6.75,5,7,2,2,5.9,10.75,4.75,22.5625,107.171875,4
"474",2058,1,24,6.75,5,7,3,4,6.3,12.75,6.75,45.5625,307.546875,9
"475",2069,1,24,6,7,9,0,1,1.7,6,0,0,0,0
"476",2069,1,24,6,7,9,1,2,2.6,8,2,4,8,1
"477",2069,1,24,6,7,9,2,3,3.1,10,4,16,64,4
"478",2069,1,24,6,7,9,3,2,3.5,12,6,36,216,9
"479",2199,0,22,6.25,6,7,0,0,1.8,6.25,0.25,0.0625,0.015625,0
"480",2199,0,22,6.25,6,7,1,0,2.7,8.25,2.25,5.0625,11.390625,1
"481",2199,0,22,6.25,6,7,2,1,3.5,10.25,4.25,18.0625,76.765625,4
"482",2199,0,22,6.25,6,7,3,0,3.7,12.25,6.25,39.0625,244.140625,9
"483",2201,1,22,7.25,11,10,0,0,3.7,7.25,1.25,1.5625,1.953125,0
"484",2201,1,22,7.25,11,10,1,0,5.9,9.25,3.25,10.5625,34.328125,1
"485",2201,1,22,7.25,11,10,2,0,6.1,11.25,5.25,27.5625,144.703125,4
"486",2201,1,22,7.25,11,10,3,0,8.3,13.25,7.25,52.5625,381.078125,9
"487",2271,1,22,6.75,11,7,0,2,3.1,6.75,0.75,0.5625,0.421875,0
"488",2271,1,22,6.75,11,7,1,2,NA,8.75,2.75,7.5625,20.796875,1
"489",2271,1,22,6.75,11,7,2,4,5.5,10.75,4.75,22.5625,107.171875,4
"490",2271,1,22,6.75,11,7,3,5,6.2,12.75,6.75,45.5625,307.546875,9
"491",2287,0,22,7.92,2,5,0,3,3.5,7.92,1.92,3.6864,7.077888,0
"492",2287,0,22,7.92,2,5,1,1,4.5,9.92,3.92,15.3664,60.236288,1
"493",2287,0,22,7.92,2,5,2,2,4.8,11.92,5.92,35.0464,207.474688,4
"494",2287,0,22,7.92,2,5,3,3,NA,13.92,7.92,62.7264,496.793088,9
"495",2291,0,22,6.5,8,12,0,5,1.6,6.5,0.5,0.25,0.125,0
"496",2291,0,22,6.5,8,12,1,2,2.2,8.5,2.5,6.25,15.625,1
"497",2291,0,22,6.5,8,12,2,1,NA,10.5,4.5,20.25,91.125,4
"498",2291,0,22,6.5,8,12,3,2,2.7,12.5,6.5,42.25,274.625,9
"499",2375,0,23,6,11,9,0,0,2,6,0,0,0,0
"500",2375,0,23,6,11,9,1,1,3.3,8,2,4,8,1
"501",2375,0,23,6,11,9,2,1,4,10,4,16,64,4
"502",2375,0,23,6,11,9,3,1,4.7,12,6,36,216,9
"503",2376,1,23,6.58,7,10,0,2,2,6.58,0.58,0.3364,0.195112,0
"504",2376,1,23,6.58,7,10,1,1,2.3,8.58,2.58,6.6564,17.173512,1
"505",2376,1,23,6.58,7,10,2,0,3.9,10.58,4.58,20.9764,96.071912,4
"506",2376,1,23,6.58,7,10,3,2,4.5,12.58,6.58,43.2964,284.890312,9
"507",2396,1,22,6.67,6,3,0,3,2,6.67,0.67,0.4489,0.300763,0
"508",2396,1,22,6.67,6,3,1,1,3,8.67,2.67,7.1289,19.034163,1
"509",2396,1,22,6.67,6,3,3,0,5.8,12.67,6.67,44.4889,296.740963,9
"510",2454,0,22,6.17,12,10,0,0,2,6.17,0.17,0.0289,0.00491299999999999,0
"511",2454,0,22,6.17,12,10,1,0,3.6,8.17,2.17,4.7089,10.218313,1
"512",2454,0,22,6.17,12,10,2,2,4.6,10.17,4.17,17.3889,72.511713,4
"513",2454,0,22,6.17,12,10,3,0,5.5,12.17,6.17,38.0689,234.885113,9
"514",2480,0,21,6.5,9,7,0,6,1.8,6.5,0.5,0.25,0.125,0
"515",2480,0,21,6.5,9,7,1,2,2.5,8.5,2.5,6.25,15.625,1
"516",2480,0,21,6.5,9,7,2,7,2.9,10.5,4.5,20.25,91.125,4
"517",2480,0,21,6.5,9,7,3,3,3.5,12.5,6.5,42.25,274.625,9
"518",2601,0,22,7.67,9,7,0,4,4.8,7.67,1.67,2.7889,4.657463,0
"519",2601,0,22,7.67,9,7,1,2,5.3,9.67,3.67,13.4689,49.430863,1
"520",2601,0,22,7.67,9,7,2,0,6.4,11.67,5.67,32.1489,182.284263,4
"521",2601,0,22,7.67,9,7,3,0,NA,13.67,7.67,58.8289,451.217663,9
"522",2635,1,21,7,8,7,0,2,2,7,1,1,1,0
"523",2635,1,21,7,8,7,1,6,2.6,9,3,9,27,1
"524",2635,1,21,7,8,7,3,5,3.9,13,7,49,343,9
"525",2655,0,22,6.08,7,4,0,6,2,6.08,0.0800000000000001,0.00640000000000001,0.000512000000000001,0
"526",2655,0,22,6.08,7,4,1,2,4.8,8.08,2.08,4.3264,8.998912,1
"527",2655,0,22,6.08,7,4,2,0,NA,10.08,4.08,16.6464,67.917312,4
"528",2655,0,22,6.08,7,4,3,1,6.3,12.08,6.08,36.9664,224.755712,9
"529",2678,0,28,8,9,11,0,2,4.5,8,2,4,8,0
"530",2678,0,28,8,9,11,1,3,5.8,10,4,16,64,1
"531",2678,0,28,8,9,11,2,6,7.6,12,6,36,216,4
"532",2678,0,28,8,9,11,3,5,8,14,8,64,512,9
"533",2696,1,29,7.67,4,8,0,4,2,7.67,1.67,2.7889,4.657463,0
"534",2696,1,29,7.67,4,8,1,NA,3.5,9.67,3.67,13.4689,49.430863,1
"535",2696,1,29,7.67,4,8,2,2,4.3,11.67,5.67,32.1489,182.284263,4
"536",2696,1,29,7.67,4,8,3,0,NA,13.67,7.67,58.8289,451.217663,9
"537",2716,0,28,6.67,9,12,0,2,3.5,6.67,0.67,0.4489,0.300763,0
"538",2716,0,28,6.67,9,12,1,3,5,8.67,2.67,7.1289,19.034163,1
"539",2716,0,28,6.67,9,12,2,2,5.5,10.67,4.67,21.8089,101.847563,4
"540",2716,0,28,6.67,9,12,3,0,7.7,12.67,6.67,44.4889,296.740963,9
"541",2720,1,28,7.92,9,9,0,5,1.8,7.92,1.92,3.6864,7.077888,0
"542",2720,1,28,7.92,9,9,1,1,3.6,9.92,3.92,15.3664,60.236288,1
"543",2720,1,28,7.92,9,9,2,6,4.3,11.92,5.92,35.0464,207.474688,4
"544",2720,1,28,7.92,9,9,3,4,5.1,13.92,7.92,62.7264,496.793088,9
"545",2724,1,28,6.42,9,5,0,9,1.8,6.42,0.42,0.1764,0.074088,0
"546",2724,1,28,6.42,9,5,1,8,3.4,8.42,2.42,5.8564,14.172488,1
"547",2724,1,28,6.42,9,5,2,10,NA,10.42,4.42,19.5364,86.350888,4
"548",2724,1,28,6.42,9,5,3,9,4.9,12.42,6.42,41.2164,264.609288,9
"549",2780,0,29,6.83,12,8,0,3,2.4,6.83,0.83,0.6889,0.571787,0
"550",2780,0,29,6.83,12,8,1,0,5.4,8.83,2.83,8.0089,22.665187,1
"551",2780,0,29,6.83,12,8,2,0,6.5,10.83,4.83,23.3289,112.678587,4
"552",2780,0,29,6.83,12,8,3,0,7.7,12.83,6.83,46.6489,318.611987,9
"553",2781,1,28,7.92,11,12,0,3,4.2,7.92,1.92,3.6864,7.077888,0
"554",2781,1,28,7.92,11,12,1,4,6.2,9.92,3.92,15.3664,60.236288,1
"555",2781,1,28,7.92,11,12,2,1,5.8,11.92,5.92,35.0464,207.474688,4
"556",2781,1,28,7.92,11,12,3,1,6.1,13.92,7.92,62.7264,496.793088,9
"557",2810,0,28,6.83,11,12,0,2,3.2,6.83,0.83,0.6889,0.571787,0
"558",2810,0,28,6.83,11,12,1,2,4.7,8.83,2.83,8.0089,22.665187,1
"559",2810,0,28,6.83,11,12,2,0,6.4,10.83,4.83,23.3289,112.678587,4
"560",2810,0,28,6.83,11,12,3,0,7.4,12.83,6.83,46.6489,318.611987,9
"561",2833,1,28,7.58,10,9,0,1,2.1,7.58,1.58,2.4964,3.944312,0
"562",2833,1,28,7.58,10,9,2,0,4.2,11.58,5.58,31.1364,173.741112,4
"563",2833,1,28,7.58,10,9,3,0,NA,13.58,7.58,57.4564,435.519512,9
"564",2884,1,28,7.58,11,13,0,4,3.3,7.58,1.58,2.4964,3.944312,0
"565",2884,1,28,7.58,11,13,1,3,4.9,9.58,3.58,12.8164,45.882712,1
"566",2884,1,28,7.58,11,13,2,3,6.1,11.58,5.58,31.1364,173.741112,4
"567",2884,1,28,7.58,11,13,3,5,6.8,13.58,7.58,57.4564,435.519512,9
"568",2890,0,28,7.17,9,8,0,0,2.7,7.17,1.17,1.3689,1.601613,0
"569",2890,0,28,7.17,9,8,1,0,4.9,9.17,3.17,10.0489,31.855013,1
"570",2890,0,28,7.17,9,8,2,NA,5.3,11.17,5.17,26.7289,138.188413,4
"571",2890,0,28,7.17,9,8,3,0,6.6,13.17,7.17,51.4089,368.601813,9
"572",2895,0,28,7.17,11,9,0,0,3.5,7.17,1.17,1.3689,1.601613,0
"573",2895,0,28,7.17,11,9,1,0,5.9,9.17,3.17,10.0489,31.855013,1
"574",2895,0,28,7.17,11,9,2,0,7.8,11.17,5.17,26.7289,138.188413,4
"575",2895,0,28,7.17,11,9,3,0,7.1,13.17,7.17,51.4089,368.601813,9
"576",2957,0,27,6.67,13,10,0,2,2.9,6.67,0.67,0.4489,0.300763,0
"577",2957,0,27,6.67,13,10,1,0,4.5,8.67,2.67,7.1289,19.034163,1
"578",2957,0,27,6.67,13,10,2,3,4.8,10.67,4.67,21.8089,101.847563,4
"579",2957,0,27,6.67,13,10,3,4,6.4,12.67,6.67,44.4889,296.740963,9
"580",3013,0,27,7.17,10,12,0,1,2.2,7.17,1.17,1.3689,1.601613,0
"581",3013,0,27,7.17,10,12,1,1,4.7,9.17,3.17,10.0489,31.855013,1
"582",3013,0,27,7.17,10,12,2,0,3.8,11.17,5.17,26.7289,138.188413,4
"583",3013,0,27,7.17,10,12,3,0,5.7,13.17,7.17,51.4089,368.601813,9
"584",3033,0,28,7.83,10,12,0,1,2.7,7.83,1.83,3.3489,6.128487,0
"585",3033,0,28,7.83,10,12,1,0,3.9,9.83,3.83,14.6689,56.181887,1
"586",3033,0,28,7.83,10,12,2,3,4.9,11.83,5.83,33.9889,198.155287,4
"587",3033,0,28,7.83,10,12,3,0,5.5,13.83,7.83,61.3089,480.048687,9
"588",3039,1,27,7.33,5,8,0,3,4,7.33,1.33,1.7689,2.352637,0
"589",3039,1,27,7.33,5,8,1,1,NA,9.33,3.33,11.0889,36.926037,1
"590",3039,1,27,7.33,5,8,2,1,NA,11.33,5.33,28.4089,151.419437,4
"591",3055,1,28,7.58,2,6,0,0,2.2,7.58,1.58,2.4964,3.944312,0
"592",3055,1,28,7.58,2,6,1,2,3.8,9.58,3.58,12.8164,45.882712,1
"593",3055,1,28,7.58,2,6,2,0,NA,11.58,5.58,31.1364,173.741112,4
"594",3055,1,28,7.58,2,6,3,0,5.4,13.58,7.58,57.4564,435.519512,9
"595",3059,0,27,6.83,7,9,0,0,1.8,6.83,0.83,0.6889,0.571787,0
"596",3059,0,27,6.83,7,9,1,0,3.3,8.83,2.83,8.0089,22.665187,1
"597",3059,0,27,6.83,7,9,2,0,5,10.83,4.83,23.3289,112.678587,4
"598",3059,0,27,6.83,7,9,3,0,6.2,12.83,6.83,46.6489,318.611987,9
"599",3082,1,27,6.08,10,10,0,3,1.6,6.08,0.0800000000000001,0.00640000000000001,0.000512000000000001,0
"600",3082,1,27,6.08,10,10,1,4,2.7,8.08,2.08,4.3264,8.998912,1
"601",3082,1,27,6.08,10,10,2,3,4,10.08,4.08,16.6464,67.917312,4
"602",3082,1,27,6.08,10,10,3,3,5.7,12.08,6.08,36.9664,224.755712,9
"603",3112,1,28,7.25,8,12,0,2,2.2,7.25,1.25,1.5625,1.953125,0
"604",3112,1,28,7.25,8,12,1,1,6,9.25,3.25,10.5625,34.328125,1
"605",3112,1,28,7.25,8,12,2,2,5,11.25,5.25,27.5625,144.703125,4
"606",3112,1,28,7.25,8,12,3,0,5.6,13.25,7.25,52.5625,381.078125,9
"607",3118,0,28,7.17,11,10,0,0,2.3,7.17,1.17,1.3689,1.601613,0
"608",3118,0,28,7.17,11,10,3,1,NA,13.17,7.17,51.4089,368.601813,9
"609",3158,0,27,6.92,7,10,0,2,2.3,6.92,0.92,0.8464,0.778688,0
"610",3158,0,27,6.92,7,10,1,4,3.4,8.92,2.92,8.5264,24.897088,1
"611",3158,0,27,6.92,7,10,2,1,4.5,10.92,4.92,24.2064,119.095488,4
"612",3158,0,27,6.92,7,10,3,1,4.8,12.92,6.92,47.8864,331.373888,9
"613",3164,1,26,8,6,10,0,1,4.3,8,2,4,8,0
"614",3164,1,26,8,6,10,1,0,5.2,10,4,16,64,1
"615",3192,1,26,7.08,14,13,0,0,2.1,7.08,1.08,1.1664,1.259712,0
"616",3192,1,26,7.08,14,13,1,3,4.1,9.08,3.08,9.4864,29.218112,1
"617",3192,1,26,7.08,14,13,2,2,4.9,11.08,5.08,25.8064,131.096512,4
"618",3192,1,26,7.08,14,13,3,5,5.8,13.08,7.08,50.1264,354.894912,9
"619",3223,1,26,6.08,11,12,0,0,1.8,6.08,0.0800000000000001,0.00640000000000001,0.000512000000000001,0
"620",3223,1,26,6.08,11,12,2,2,NA,10.08,4.08,16.6464,67.917312,4
"621",3223,1,26,6.08,11,12,3,1,5.5,12.08,6.08,36.9664,224.755712,9
"622",3239,1,26,6.67,13,11,0,2,2.3,6.67,0.67,0.4489,0.300763,0
"623",3239,1,26,6.67,13,11,1,0,2.6,8.67,2.67,7.1289,19.034163,1
"624",3239,1,26,6.67,13,11,2,1,3.1,10.67,4.67,21.8089,101.847563,4
"625",3239,1,26,6.67,13,11,3,0,4,12.67,6.67,44.4889,296.740963,9
"626",3247,0,26,7,12,11,0,1,3.8,7,1,1,1,0
"627",3247,0,26,7,12,11,1,0,6,9,3,9,27,1
"628",3247,0,26,7,12,11,2,0,6,11,5,25,125,4
"629",3247,0,26,7,12,11,3,0,6.9,13,7,49,343,9
"630",3294,1,26,6.75,10,7,0,0,1.8,6.75,0.75,0.5625,0.421875,0
"631",3294,1,26,6.75,10,7,1,0,2.2,8.75,2.75,7.5625,20.796875,1
"632",3294,1,26,6.75,10,7,2,1,5.5,10.75,4.75,22.5625,107.171875,4
"633",3294,1,26,6.75,10,7,3,2,NA,12.75,6.75,45.5625,307.546875,9
"634",3297,0,26,7.58,6,11,0,0,3.1,7.58,1.58,2.4964,3.944312,0
"635",3297,0,26,7.58,6,11,1,0,4.3,9.58,3.58,12.8164,45.882712,1
"636",3297,0,26,7.58,6,11,2,0,NA,11.58,5.58,31.1364,173.741112,4
"637",3297,0,26,7.58,6,11,3,4,5.3,13.58,7.58,57.4564,435.519512,9
"638",3310,1,26,7.92,8,6,0,3,2.3,7.92,1.92,3.6864,7.077888,0
"639",3310,1,26,7.92,8,6,1,3,2.5,9.92,3.92,15.3664,60.236288,1
"640",3310,1,26,7.92,8,6,2,2,2.9,11.92,5.92,35.0464,207.474688,4
"641",3310,1,26,7.92,8,6,3,6,3.6,13.92,7.92,62.7264,496.793088,9
"642",3329,1,26,6,6,6,0,2,1.7,6,0,0,0,0
"643",3337,0,26,6.67,6,11,0,0,2.4,6.67,0.67,0.4489,0.300763,0
"644",3337,0,26,6.67,6,11,1,1,4.1,8.67,2.67,7.1289,19.034163,1
"645",3352,1,27,6.42,9,12,0,2,2.4,6.42,0.42,0.1764,0.074088,0
"646",3352,1,27,6.42,9,12,1,1,7.4,8.42,2.42,5.8564,14.172488,1
"647",3352,1,27,6.42,9,12,2,1,5.9,10.42,4.42,19.5364,86.350888,4
"648",3352,1,27,6.42,9,12,3,1,NA,12.42,6.42,41.2164,264.609288,9
"649",3382,1,25,6.67,9,6,0,5,2.7,6.67,0.67,0.4489,0.300763,0
"650",3382,1,25,6.67,9,6,1,4,6,8.67,2.67,7.1289,19.034163,1
"651",3382,1,25,6.67,9,6,3,5,NA,12.67,6.67,44.4889,296.740963,9
"652",3404,1,25,7.42,10,8,0,1,3.4,7.42,1.42,2.0164,2.863288,0
"653",3404,1,25,7.42,10,8,2,2,5.2,11.42,5.42,29.3764,159.220088,4
"654",3404,1,25,7.42,10,8,3,0,7.6,13.42,7.42,55.0564,408.518488,9
"655",3405,0,25,6,9,12,0,0,2,6,0,0,0,0
"656",3405,0,25,6,9,12,1,0,3.6,8,2,4,8,1
"657",3405,0,25,6,9,12,2,0,3.5,10,4,16,64,4
"658",3405,0,25,6,9,12,3,0,5.1,12,6,36,216,9
"659",3410,1,25,7.08,6,8,0,2,2,7.08,1.08,1.1664,1.259712,0
"660",3410,1,25,7.08,6,8,1,5,2.9,9.08,3.08,9.4864,29.218112,1
"661",3410,1,25,7.08,6,8,2,6,3.8,11.08,5.08,25.8064,131.096512,4
"662",3410,1,25,7.08,6,8,3,7,4.4,13.08,7.08,50.1264,354.894912,9
"663",3424,0,25,6.5,7,11,0,1,2.2,6.5,0.5,0.25,0.125,0
"664",3424,0,25,6.5,7,11,2,0,NA,10.5,4.5,20.25,91.125,4
"665",3424,0,25,6.5,7,11,3,0,6.4,12.5,6.5,42.25,274.625,9
"666",3443,1,25,6.58,11,5,0,3,1.3,6.58,0.58,0.3364,0.195112,0
"667",3443,1,25,6.58,11,5,1,2,4.4,8.58,2.58,6.6564,17.173512,1
"668",3443,1,25,6.58,11,5,2,4,2.4,10.58,4.58,20.9764,96.071912,4
"669",3443,1,25,6.58,11,5,3,4,NA,12.58,6.58,43.2964,284.890312,9
"670",3483,1,25,7.58,9,9,0,6,2.1,7.58,1.58,2.4964,3.944312,0
"671",3483,1,25,7.58,9,9,1,5,4.1,9.58,3.58,12.8164,45.882712,1
"672",3483,1,25,7.58,9,9,2,4,4.2,11.58,5.58,31.1364,173.741112,4
"673",3483,1,25,7.58,9,9,3,5,4.3,13.58,7.58,57.4564,435.519512,9
"674",3486,1,25,6.17,9,10,0,2,1.5,6.17,0.17,0.0289,0.00491299999999999,0
"675",3486,1,25,6.17,9,10,1,1,2.6,8.17,2.17,4.7089,10.218313,1
"676",3486,1,25,6.17,9,10,2,0,5.3,10.17,4.17,17.3889,72.511713,4
"677",3486,1,25,6.17,9,10,3,3,5.6,12.17,6.17,38.0689,234.885113,9
"678",3500,1,26,7.08,3,9,0,3,1.2,7.08,1.08,1.1664,1.259712,0
"679",3500,1,26,7.08,3,9,1,3,2,9.08,3.08,9.4864,29.218112,1
"680",3500,1,26,7.08,3,9,2,4,3.1,11.08,5.08,25.8064,131.096512,4
"681",3500,1,26,7.08,3,9,3,6,3.4,13.08,7.08,50.1264,354.894912,9
"682",3507,1,25,6.33,2,9,0,4,0.1,6.33,0.33,0.1089,0.035937,0
"683",3507,1,25,6.33,2,9,1,7,2.3,8.33,2.33,5.4289,12.649337,1
"684",3518,1,25,6.17,5,10,0,2,1.8,6.17,0.17,0.0289,0.00491299999999999,0
"685",3518,1,25,6.17,5,10,1,2,4.1,8.17,2.17,4.7089,10.218313,1
"686",3518,1,25,6.17,5,10,2,3,5,10.17,4.17,17.3889,72.511713,4
"687",3518,1,25,6.17,5,10,3,2,5.1,12.17,6.17,38.0689,234.885113,9
"688",3522,1,25,6.5,10,12,0,1,1.8,6.5,0.5,0.25,0.125,0
"689",3522,1,25,6.5,10,12,1,1,4.9,8.5,2.5,6.25,15.625,1
"690",3522,1,25,6.5,10,12,2,4,5.3,10.5,4.5,20.25,91.125,4
"691",3522,1,25,6.5,10,12,3,5,7.8,12.5,6.5,42.25,274.625,9
"692",3565,0,26,6,8,6,0,1,1.4,6,0,0,0,0
"693",3565,0,26,6,8,6,1,1,3.3,8,2,4,8,1
"694",3565,0,26,6,8,6,2,0,NA,10,4,16,64,4
"695",3565,0,26,6,8,6,3,0,6,12,6,36,216,9
"696",3575,0,26,7.92,9,4,0,2,2.4,7.92,1.92,3.6864,7.077888,0
"697",3575,0,26,7.92,9,4,1,2,3.2,9.92,3.92,15.3664,60.236288,1
"698",3575,0,26,7.92,9,4,2,1,4.3,11.92,5.92,35.0464,207.474688,4
"699",3575,0,26,7.92,9,4,3,3,5.7,13.92,7.92,62.7264,496.793088,9
"700",3600,0,25,6.17,12,12,0,0,1.9,6.17,0.17,0.0289,0.00491299999999999,0
"701",3600,0,25,6.17,12,12,1,2,3.7,8.17,2.17,4.7089,10.218313,1
"702",3667,0,25,6.42,4,5,0,1,1.9,6.42,0.42,0.1764,0.074088,0
"703",3667,0,25,6.42,4,5,1,1,3.4,8.42,2.42,5.8564,14.172488,1
"704",3667,0,25,6.42,4,5,2,2,3.5,10.42,4.42,19.5364,86.350888,4
"705",3667,0,25,6.42,4,5,3,6,5,12.42,6.42,41.2164,264.609288,9
"706",3670,0,24,7.67,10,8,0,1,2.8,7.67,1.67,2.7889,4.657463,0
"707",3670,0,24,7.67,10,8,1,0,5,9.67,3.67,13.4689,49.430863,1
"708",3670,0,24,7.67,10,8,3,0,7.5,13.67,7.67,58.8289,451.217663,9
"709",3677,1,24,6.17,8,9,0,5,1.7,6.17,0.17,0.0289,0.00491299999999999,0
"710",3677,1,24,6.17,8,9,1,2,2.9,8.17,2.17,4.7089,10.218313,1
"711",3677,1,24,6.17,8,9,2,0,4.9,10.17,4.17,17.3889,72.511713,4
"712",3677,1,24,6.17,8,9,3,NA,6,12.17,6.17,38.0689,234.885113,9
"713",3690,1,24,7,9,11,0,4,1.6,7,1,1,1,0
"714",3690,1,24,7,9,11,1,3,3.4,9,3,9,27,1
"715",3690,1,24,7,9,11,2,3,4.5,11,5,25,125,4
"716",3690,1,24,7,9,11,3,4,5.7,13,7,49,343,9
"717",3706,0,24,7.17,8,5,0,3,2.4,7.17,1.17,1.3689,1.601613,0
"718",3706,0,24,7.17,8,5,1,1,4.3,9.17,3.17,10.0489,31.855013,1
"719",3706,0,24,7.17,8,5,2,0,5.5,11.17,5.17,26.7289,138.188413,4
"720",3706,0,24,7.17,8,5,3,7,5.5,13.17,7.17,51.4089,368.601813,9
"721",3713,0,24,6.33,9,9,0,3,1.8,6.33,0.33,0.1089,0.035937,0
"722",3713,0,24,6.33,9,9,1,0,3.8,8.33,2.33,5.4289,12.649337,1
"723",3713,0,24,6.33,9,9,2,0,5.1,10.33,4.33,18.7489,81.182737,4
"724",3713,0,24,6.33,9,9,3,5,6.5,12.33,6.33,40.0689,253.636137,9
"725",3778,1,25,6.92,12,10,0,1,2,6.92,0.92,0.8464,0.778688,0
"726",3778,1,25,6.92,12,10,1,0,2.3,8.92,2.92,8.5264,24.897088,1
"727",3778,1,25,6.92,12,10,2,0,6.6,10.92,4.92,24.2064,119.095488,4
"728",3778,1,25,6.92,12,10,3,0,5.8,12.92,6.92,47.8864,331.373888,9
"729",3809,0,25,6.83,11,11,0,0,2,6.83,0.83,0.6889,0.571787,0
"730",3809,0,25,6.83,11,11,1,0,4,8.83,2.83,8.0089,22.665187,1
"731",3809,0,25,6.83,11,11,2,0,4.7,10.83,4.83,23.3289,112.678587,4
"732",3809,0,25,6.83,11,11,3,1,6,12.83,6.83,46.6489,318.611987,9
"733",3813,1,25,6.17,10,12,0,1,1.5,6.17,0.17,0.0289,0.00491299999999999,0
"734",3813,1,25,6.17,10,12,1,1,3.8,8.17,2.17,4.7089,10.218313,1
"735",3813,1,25,6.17,10,12,2,1,4.6,10.17,4.17,17.3889,72.511713,4
"736",3813,1,25,6.17,10,12,3,0,6.4,12.17,6.17,38.0689,234.885113,9
"737",3826,0,25,6.42,6,10,0,2,1.8,6.42,0.42,0.1764,0.074088,0
"738",3826,0,25,6.42,6,10,1,1,3.1,8.42,2.42,5.8564,14.172488,1
"739",3826,0,25,6.42,6,10,3,3,4.8,12.42,6.42,41.2164,264.609288,9
"740",3861,0,24,7.67,8,3,0,3,2.4,7.67,1.67,2.7889,4.657463,0
"741",3861,0,24,7.67,8,3,1,2,3.9,9.67,3.67,13.4689,49.430863,1
"742",3861,0,24,7.67,8,3,2,2,4.4,11.67,5.67,32.1489,182.284263,4
"743",3861,0,24,7.67,8,3,3,2,4.8,13.67,7.67,58.8289,451.217663,9
"744",3868,0,23,6.17,9,10,0,0,1.8,6.17,0.17,0.0289,0.00491299999999999,0
"745",3868,0,23,6.17,9,10,1,1,3.9,8.17,2.17,4.7089,10.218313,1
"746",3868,0,23,6.17,9,10,2,4,5.4,10.17,4.17,17.3889,72.511713,4
"747",3868,0,23,6.17,9,10,3,2,5.8,12.17,6.17,38.0689,234.885113,9
"748",3910,0,23,6.25,6,13,0,1,2,6.25,0.25,0.0625,0.015625,0
"749",3910,0,23,6.25,6,13,1,2,3.6,8.25,2.25,5.0625,11.390625,1
"750",3910,0,23,6.25,6,13,2,1,5.4,10.25,4.25,18.0625,76.765625,4
"751",3910,0,23,6.25,6,13,3,2,6.1,12.25,6.25,39.0625,244.140625,9
"752",3915,0,24,7.08,9,13,0,1,2.5,7.08,1.08,1.1664,1.259712,0
"753",3915,0,24,7.08,9,13,1,NA,4.3,9.08,3.08,9.4864,29.218112,1
"754",3915,0,24,7.08,9,13,2,0,NA,11.08,5.08,25.8064,131.096512,4
"755",3915,0,24,7.08,9,13,3,2,7.9,13.08,7.08,50.1264,354.894912,9
"756",3948,0,23,6,7,10,0,0,1.7,6,0,0,0,0
"757",3948,0,23,6,7,10,1,1,3.3,8,2,4,8,1
"758",3948,0,23,6,7,10,3,2,4.6,12,6,36,216,9
"759",3960,1,23,7.67,8,9,0,0,3.1,7.67,1.67,2.7889,4.657463,0
"760",3960,1,23,7.67,8,9,1,2,4.8,9.67,3.67,13.4689,49.430863,1
"761",3960,1,23,7.67,8,9,2,1,4.8,11.67,5.67,32.1489,182.284263,4
"762",3960,1,23,7.67,8,9,3,1,6.5,13.67,7.67,58.8289,451.217663,9
"763",3974,0,23,6.5,9,12,0,1,2.6,6.5,0.5,0.25,0.125,0
"764",3974,0,23,6.5,9,12,1,2,4,8.5,2.5,6.25,15.625,1
"765",3974,0,23,6.5,9,12,2,1,4.8,10.5,4.5,20.25,91.125,4
"766",3974,0,23,6.5,9,12,3,3,5.1,12.5,6.5,42.25,274.625,9
"767",3985,1,24,7.58,9,11,0,1,2.7,7.58,1.58,2.4964,3.944312,0
"768",3985,1,24,7.58,9,11,1,NA,4.5,9.58,3.58,12.8164,45.882712,1
"769",3985,1,24,7.58,9,11,2,0,NA,11.58,5.58,31.1364,173.741112,4
"770",3985,1,24,7.58,9,11,3,2,7,13.58,7.58,57.4564,435.519512,9
"771",4054,0,22,6.58,4,9,0,1,2.3,6.58,0.58,0.3364,0.195112,0
"772",4054,0,22,6.58,4,9,2,0,NA,10.58,4.58,20.9764,96.071912,4
"773",4054,0,22,6.58,4,9,3,3,6,12.58,6.58,43.2964,284.890312,9
"774",4080,0,22,6.42,10,10,0,2,1.9,6.42,0.42,0.1764,0.074088,0
"775",4080,0,22,6.42,10,10,1,2,3.1,8.42,2.42,5.8564,14.172488,1
"776",4080,0,22,6.42,10,10,2,0,4.1,10.42,4.42,19.5364,86.350888,4
"777",4080,0,22,6.42,10,10,3,1,5.1,12.42,6.42,41.2164,264.609288,9
"778",4123,0,23,6.67,4,8,0,0,0.4,6.67,0.67,0.4489,0.300763,0
"779",4131,0,23,7.08,6,10,0,3,2.4,7.08,1.08,1.1664,1.259712,0
"780",4131,0,23,7.08,6,10,1,2,3.6,9.08,3.08,9.4864,29.218112,1
"781",4131,0,23,7.08,6,10,2,1,4.2,11.08,5.08,25.8064,131.096512,4
"782",4131,0,23,7.08,6,10,3,1,4.7,13.08,7.08,50.1264,354.894912,9
"783",4165,1,22,6.42,7,7,0,4,1.8,6.42,0.42,0.1764,0.074088,0
"784",4165,1,22,6.42,7,7,1,3,4.1,8.42,2.42,5.8564,14.172488,1
"785",4165,1,22,6.42,7,7,2,3,5.3,10.42,4.42,19.5364,86.350888,4
"786",4165,1,22,6.42,7,7,3,2,5.5,12.42,6.42,41.2164,264.609288,9
"787",4171,1,22,6.33,6,9,0,3,1.4,6.33,0.33,0.1089,0.035937,0
"788",4171,1,22,6.33,6,9,1,1,2.2,8.33,2.33,5.4289,12.649337,1
"789",4171,1,22,6.33,6,9,2,7,4,10.33,4.33,18.7489,81.182737,4
"790",4171,1,22,6.33,6,9,3,4,5.2,12.33,6.33,40.0689,253.636137,9
"791",4186,1,23,6.17,7,11,0,2,1.8,6.17,0.17,0.0289,0.00491299999999999,0
"792",4186,1,23,6.17,7,11,1,5,3.4,8.17,2.17,4.7089,10.218313,1
"793",4186,1,23,6.17,7,11,2,1,5.5,10.17,4.17,17.3889,72.511713,4
"794",4186,1,23,6.17,7,11,3,5,6.4,12.17,6.17,38.0689,234.885113,9
"795",4247,0,22,6,5,7,0,5,0.7,6,0,0,0,0
"796",4247,0,22,6,5,7,1,6,2.8,8,2,4,8,1
"797",4247,0,22,6,5,7,2,3,3.7,10,4,16,64,4
"798",4247,0,22,6,5,7,3,4,4.1,12,6,36,216,9
"799",4451,1,28,7.33,10,9,0,1,2.3,7.33,1.33,1.7689,2.352637,0
"800",4451,1,28,7.33,10,9,1,1,4.1,9.33,3.33,11.0889,36.926037,1
"801",4451,1,28,7.33,10,9,2,0,5.7,11.33,5.33,28.4089,151.419437,4
"802",4451,1,28,7.33,10,9,3,1,6.7,13.33,7.33,53.7289,393.832837,9
"803",4488,1,28,6.5,9,12,0,1,2.6,6.5,0.5,0.25,0.125,0
"804",4488,1,28,6.5,9,12,1,0,4.2,8.5,2.5,6.25,15.625,1
"805",4488,1,28,6.5,9,12,2,1,5.3,10.5,4.5,20.25,91.125,4
"806",4488,1,28,6.5,9,12,3,3,6.9,12.5,6.5,42.25,274.625,9
"807",4523,1,28,7.83,7,10,0,2,7.2,7.83,1.83,3.3489,6.128487,0
"808",4523,1,28,7.83,7,10,1,3,5.1,9.83,3.83,14.6689,56.181887,1
"809",4523,1,28,7.83,7,10,2,5,6.5,11.83,5.83,33.9889,198.155287,4
"810",4523,1,28,7.83,7,10,3,4,7.6,13.83,7.83,61.3089,480.048687,9
"811",4528,1,28,6.17,9,11,0,2,2.2,6.17,0.17,0.0289,0.00491299999999999,0
"812",4528,1,28,6.17,9,11,1,1,4.3,8.17,2.17,4.7089,10.218313,1
"813",4528,1,28,6.17,9,11,2,0,6,10.17,4.17,17.3889,72.511713,4
"814",4528,1,28,6.17,9,11,3,0,6.3,12.17,6.17,38.0689,234.885113,9
"815",4560,0,28,7,10,10,0,0,2.3,7,1,1,1,0
"816",4560,0,28,7,10,10,1,1,3.2,9,3,9,27,1
"817",4560,0,28,7,10,10,2,2,4.5,11,5,25,125,4
"818",4560,0,28,7,10,10,3,2,5.3,13,7,49,343,9
"819",4581,1,28,6,8,10,0,2,1.8,6,0,0,0,0
"820",4581,1,28,6,8,10,1,5,5,8,2,4,8,1
"821",4581,1,28,6,8,10,2,2,NA,10,4,16,64,4
"822",4581,1,28,6,8,10,3,5,NA,12,6,36,216,9
"823",4594,1,29,6.83,10,10,0,0,2.6,6.83,0.83,0.6889,0.571787,0
"824",4594,1,29,6.83,10,10,1,0,4.8,8.83,2.83,8.0089,22.665187,1
"825",4594,1,29,6.83,10,10,2,1,6.1,10.83,4.83,23.3289,112.678587,4
"826",4594,1,29,6.83,10,10,3,1,7.4,12.83,6.83,46.6489,318.611987,9
"827",4612,1,29,6,9,10,0,1,1.7,6,0,0,0,0
"828",4612,1,29,6,9,10,1,1,4.1,8,2,4,8,1
"829",4612,1,29,6,9,10,2,0,5.4,10,4,16,64,4
"830",4612,1,29,6,9,10,3,1,7.3,12,6,36,216,9
"831",4669,1,28,7.33,9,7,0,0,4.3,7.33,1.33,1.7689,2.352637,0
"832",4669,1,28,7.33,9,7,1,2,5.3,9.33,3.33,11.0889,36.926037,1
"833",4669,1,28,7.33,9,7,2,5,8.4,11.33,5.33,28.4089,151.419437,4
"834",4669,1,28,7.33,9,7,3,3,7.9,13.33,7.33,53.7289,393.832837,9
"835",4677,1,29,6,10,11,0,1,1.8,6,0,0,0,0
"836",4677,1,29,6,10,11,1,1,3.9,8,2,4,8,1
"837",4677,1,29,6,10,11,2,2,5.6,10,4,16,64,4
"838",4677,1,29,6,10,11,3,1,6.5,12,6,36,216,9
"839",4679,1,28,6,12,13,0,0,1.8,6,0,0,0,0
"840",4679,1,28,6,12,13,1,1,4.3,8,2,4,8,1
"841",4679,1,28,6,12,13,2,1,5.1,10,4,16,64,4
"842",4679,1,28,6,12,13,3,2,7.2,12,6,36,216,9
"843",4700,1,28,6.5,9,11,0,1,1.7,6.5,0.5,0.25,0.125,0
"844",4700,1,28,6.5,9,11,1,0,3.1,8.5,2.5,6.25,15.625,1
"845",4700,1,28,6.5,9,11,2,0,5.4,10.5,4.5,20.25,91.125,4
"846",4700,1,28,6.5,9,11,3,0,6.1,12.5,6.5,42.25,274.625,9
"847",4728,1,28,7.08,12,10,0,3,2.7,7.08,1.08,1.1664,1.259712,0
"848",4728,1,28,7.08,12,10,1,1,4.3,9.08,3.08,9.4864,29.218112,1
"849",4728,1,28,7.08,12,10,2,0,5.5,11.08,5.08,25.8064,131.096512,4
"850",4728,1,28,7.08,12,10,3,0,NA,13.08,7.08,50.1264,354.894912,9
"851",4735,1,28,7.5,10,12,0,5,2.8,7.5,1.5,2.25,3.375,0
"852",4735,1,28,7.5,10,12,1,3,4.2,9.5,3.5,12.25,42.875,1
"853",4740,1,29,7.58,9,12,0,2,2.2,7.58,1.58,2.4964,3.944312,0
"854",4740,1,29,7.58,9,12,1,3,2.9,9.58,3.58,12.8164,45.882712,1
"855",4740,1,29,7.58,9,12,2,1,3.4,11.58,5.58,31.1364,173.741112,4
"856",4740,1,29,7.58,9,12,3,0,5.1,13.58,7.58,57.4564,435.519512,9
"857",4743,0,28,7,12,12,0,3,3,7,1,1,1,0
"858",4743,0,28,7,12,12,1,1,5.6,9,3,9,27,1
"859",4743,0,28,7,12,12,2,1,5.1,11,5,25,125,4
"860",4743,0,28,7,12,12,3,0,6.5,13,7,49,343,9
"861",4755,0,28,6.17,10,9,0,1,2,6.17,0.17,0.0289,0.00491299999999999,0
"862",4755,0,28,6.17,10,9,1,1,4.1,8.17,2.17,4.7089,10.218313,1
"863",4755,0,28,6.17,10,9,2,1,7,10.17,4.17,17.3889,72.511713,4
"864",4755,0,28,6.17,10,9,3,2,8,12.17,6.17,38.0689,234.885113,9
"865",4776,1,29,7.83,13,12,0,1,2.1,7.83,1.83,3.3489,6.128487,0
"866",4776,1,29,7.83,13,12,1,3,4.6,9.83,3.83,14.6689,56.181887,1
"867",4776,1,29,7.83,13,12,2,1,5.8,11.83,5.83,33.9889,198.155287,4
"868",4776,1,29,7.83,13,12,3,5,6.8,13.83,7.83,61.3089,480.048687,9
"869",4794,0,28,7,13,12,0,0,2.7,7,1,1,1,0
"870",4794,0,28,7,13,12,1,0,4.9,9,3,9,27,1
"871",4794,0,28,7,13,12,2,0,5.6,11,5,25,125,4
"872",4794,0,28,7,13,12,3,1,6.7,13,7,49,343,9
"873",4808,1,29,7.5,10,11,0,4,3.8,7.5,1.5,2.25,3.375,0
"874",4808,1,29,7.5,10,11,1,2,4.7,9.5,3.5,12.25,42.875,1
"875",4808,1,29,7.5,10,11,2,2,6.3,11.5,5.5,30.25,166.375,4
"876",4808,1,29,7.5,10,11,3,2,6.7,13.5,7.5,56.25,421.875,9
"877",4832,0,28,6.58,12,6,0,0,3.5,6.58,0.58,0.3364,0.195112,0
"878",4832,0,28,6.58,12,6,1,1,4,8.58,2.58,6.6564,17.173512,1
"879",4832,0,28,6.58,12,6,2,1,6.1,10.58,4.58,20.9764,96.071912,4
"880",4832,0,28,6.58,12,6,3,1,6.2,12.58,6.58,43.2964,284.890312,9
"881",4901,0,28,7.58,11,11,0,0,2.8,7.58,1.58,2.4964,3.944312,0
"882",4901,0,28,7.58,11,11,1,0,5,9.58,3.58,12.8164,45.882712,1
"883",4953,1,29,6.25,8,5,0,4,1.8,6.25,0.25,0.0625,0.015625,0
"884",4953,1,29,6.25,8,5,1,1,5,8.25,2.25,5.0625,11.390625,1
"885",4976,1,28,6.42,9,11,0,4,1.6,6.42,0.42,0.1764,0.074088,0
"886",4976,1,28,6.42,9,11,1,8,2.1,8.42,2.42,5.8564,14.172488,1
"887",5004,1,28,6.5,8,8,0,1,3.7,6.5,0.5,0.25,0.125,0
"888",5004,1,28,6.5,8,8,1,3,5.5,8.5,2.5,6.25,15.625,1
"889",5009,1,28,7.75,8,6,0,4,2,7.75,1.75,3.0625,5.359375,0
"890",5009,1,28,7.75,8,6,1,8,3.4,9.75,3.75,14.0625,52.734375,1
"891",5037,1,28,7.75,5,12,0,0,2.9,7.75,1.75,3.0625,5.359375,0
"892",5037,1,28,7.75,5,12,1,7,5.3,9.75,3.75,14.0625,52.734375,1
"893",5064,0,29,7.25,11,10,0,0,3.2,7.25,1.25,1.5625,1.953125,0
"894",5064,0,29,7.25,11,10,1,0,5,9.25,3.25,10.5625,34.328125,1
"895",5159,0,28,7.75,11,12,0,0,3.5,7.75,1.75,3.0625,5.359375,0
"896",5159,0,28,7.75,11,12,1,1,4.1,9.75,3.75,14.0625,52.734375,1
"897",5159,0,28,7.75,11,12,2,0,5.7,11.75,5.75,33.0625,190.109375,4
"898",5159,0,28,7.75,11,12,3,0,NA,13.75,7.75,60.0625,465.484375,9
"899",5161,1,28,6.92,12,9,0,0,2.7,6.92,0.92,0.8464,0.778688,0
"900",5161,1,28,6.92,12,9,1,0,4,8.92,2.92,8.5264,24.897088,1
"901",5161,1,28,6.92,12,9,2,1,5.9,10.92,4.92,24.2064,119.095488,4
"902",5161,1,28,6.92,12,9,3,2,6.5,12.92,6.92,47.8864,331.373888,9
"903",5197,0,29,6.33,10,8,0,1,1.8,6.33,0.33,0.1089,0.035937,0
"904",5197,0,29,6.33,10,8,1,1,3.9,8.33,2.33,5.4289,12.649337,1
"905",5206,1,29,7.92,9,10,0,4,3.4,7.92,1.92,3.6864,7.077888,0
"906",5206,1,29,7.92,9,10,1,1,4.4,9.92,3.92,15.3664,60.236288,1
"907",5278,0,27,6.17,6,8,0,1,1.8,6.17,0.17,0.0289,0.00491299999999999,0
"908",5278,0,27,6.17,6,8,1,0,3.9,8.17,2.17,4.7089,10.218313,1
"909",5278,0,27,6.17,6,8,2,0,4.7,10.17,4.17,17.3889,72.511713,4
"910",5278,0,27,6.17,6,8,3,0,5.8,12.17,6.17,38.0689,234.885113,9
"911",5283,1,27,7.83,12,9,0,0,3.4,7.83,1.83,3.3489,6.128487,0
"912",5283,1,27,7.83,12,9,1,NA,4.6,9.83,3.83,14.6689,56.181887,1
"913",5283,1,27,7.83,12,9,2,0,5.1,11.83,5.83,33.9889,198.155287,4
"914",5283,1,27,7.83,12,9,3,0,NA,13.83,7.83,61.3089,480.048687,9
"915",5294,0,27,6.83,8,9,0,0,3.5,6.83,0.83,0.6889,0.571787,0
"916",5294,0,27,6.83,8,9,1,0,4.8,8.83,2.83,8.0089,22.665187,1
"917",5294,0,27,6.83,8,9,2,0,5.9,10.83,4.83,23.3289,112.678587,4
"918",5294,0,27,6.83,8,9,3,0,6.7,12.83,6.83,46.6489,318.611987,9
"919",5297,0,27,6.17,9,11,0,0,1.7,6.17,0.17,0.0289,0.00491299999999999,0
"920",5297,0,27,6.17,9,11,1,1,4.2,8.17,2.17,4.7089,10.218313,1
"921",5297,0,27,6.17,9,11,2,1,4.8,10.17,4.17,17.3889,72.511713,4
"922",5297,0,27,6.17,9,11,3,3,5.6,12.17,6.17,38.0689,234.885113,9
"923",5302,1,27,6.83,8,10,0,2,1.8,6.83,0.83,0.6889,0.571787,0
"924",5302,1,27,6.83,8,10,1,0,3.5,8.83,2.83,8.0089,22.665187,1
"925",5302,1,27,6.83,8,10,2,0,4.8,10.83,4.83,23.3289,112.678587,4
"926",5302,1,27,6.83,8,10,3,2,NA,12.83,6.83,46.6489,318.611987,9
"927",5326,0,27,6.67,13,7,0,2,2.3,6.67,0.67,0.4489,0.300763,0
"928",5326,0,27,6.67,13,7,1,1,4.9,8.67,2.67,7.1289,19.034163,1
"929",5326,0,27,6.67,13,7,2,2,5.9,10.67,4.67,21.8089,101.847563,4
"930",5326,0,27,6.67,13,7,3,1,6,12.67,6.67,44.4889,296.740963,9
"931",5355,1,27,6.33,9,12,0,0,1.8,6.33,0.33,0.1089,0.035937,0
"932",5355,1,27,6.33,9,12,1,1,4.5,8.33,2.33,5.4289,12.649337,1
"933",5355,1,27,6.33,9,12,2,0,5.6,10.33,4.33,18.7489,81.182737,4
"934",5355,1,27,6.33,9,12,3,0,6.4,12.33,6.33,40.0689,253.636137,9
"935",5360,1,27,7.75,13,9,0,3,3.8,7.75,1.75,3.0625,5.359375,0
"936",5360,1,27,7.75,13,9,1,5,4.8,9.75,3.75,14.0625,52.734375,1
"937",5360,1,27,7.75,13,9,2,0,5.4,11.75,5.75,33.0625,190.109375,4
"938",5360,1,27,7.75,13,9,3,0,7.1,13.75,7.75,60.0625,465.484375,9
"939",5369,1,27,7.83,10,12,0,3,3.2,7.83,1.83,3.3489,6.128487,0
"940",5369,1,27,7.83,10,12,1,2,3.6,9.83,3.83,14.6689,56.181887,1
"941",5369,1,27,7.83,10,12,2,0,4.7,11.83,5.83,33.9889,198.155287,4
"942",5369,1,27,7.83,10,12,3,2,5.9,13.83,7.83,61.3089,480.048687,9
"943",5411,1,27,7.58,13,12,0,0,2.3,7.58,1.58,2.4964,3.944312,0
"944",5411,1,27,7.58,13,12,1,6,NA,9.58,3.58,12.8164,45.882712,1
"945",5420,0,27,6.08,4,9,0,2,1.4,6.08,0.0800000000000001,0.00640000000000001,0.000512000000000001,0
"946",5420,0,27,6.08,4,9,1,4,3.6,8.08,2.08,4.3264,8.998912,1
"947",5420,0,27,6.08,4,9,2,4,5.2,10.08,4.08,16.6464,67.917312,4
"948",5420,0,27,6.08,4,9,3,4,6,12.08,6.08,36.9664,224.755712,9
"949",5427,0,27,7.67,9,7,0,1,2.8,7.67,1.67,2.7889,4.657463,0
"950",5438,0,28,6.75,9,11,0,1,3,6.75,0.75,0.5625,0.421875,0
"951",5438,0,28,6.75,9,11,1,1,4.1,8.75,2.75,7.5625,20.796875,1
"952",5438,0,28,6.75,9,11,2,3,5,10.75,4.75,22.5625,107.171875,4
"953",5438,0,28,6.75,9,11,3,5,5.5,12.75,6.75,45.5625,307.546875,9
"954",5442,0,27,7,9,10,0,0,3.2,7,1,1,1,0
"955",5442,0,27,7,9,10,1,0,5.2,9,3,9,27,1
"956",5442,0,27,7,9,10,2,NA,6.6,11,5,25,125,4
"957",5442,0,27,7,9,10,3,0,7.9,13,7,49,343,9
"958",5444,0,27,7.33,10,11,0,0,4.3,7.33,1.33,1.7689,2.352637,0
"959",5444,0,27,7.33,10,11,1,1,5.6,9.33,3.33,11.0889,36.926037,1
"960",5444,0,27,7.33,10,11,2,0,5.5,11.33,5.33,28.4089,151.419437,4
"961",5444,0,27,7.33,10,11,3,1,5.8,13.33,7.33,53.7289,393.832837,9
"962",5542,1,27,6.83,11,11,0,3,1.8,6.83,0.83,0.6889,0.571787,0
"963",5542,1,27,6.83,11,11,1,6,2.5,8.83,2.83,8.0089,22.665187,1
"964",5542,1,27,6.83,11,11,2,7,3.6,10.83,4.83,23.3289,112.678587,4
"965",5542,1,27,6.83,11,11,3,9,4.7,12.83,6.83,46.6489,318.611987,9
"966",5572,0,27,7.58,12,12,0,2,4.4,7.58,1.58,2.4964,3.944312,0
"967",5572,0,27,7.58,12,12,1,1,5.4,9.58,3.58,12.8164,45.882712,1
"968",5572,0,27,7.58,12,12,2,1,5.8,11.58,5.58,31.1364,173.741112,4
"969",5572,0,27,7.58,12,12,3,2,6.3,13.58,7.58,57.4564,435.519512,9
"970",5576,1,27,6.67,13,8,0,2,1.7,6.67,0.67,0.4489,0.300763,0
"971",5576,1,27,6.67,13,8,1,6,4,8.67,2.67,7.1289,19.034163,1
"972",5576,1,27,6.67,13,8,2,6,4.9,10.67,4.67,21.8089,101.847563,4
"973",5576,1,27,6.67,13,8,3,6,5.2,12.67,6.67,44.4889,296.740963,9
"974",5595,1,27,6.75,12,10,0,0,2.4,6.75,0.75,0.5625,0.421875,0
"975",5595,1,27,6.75,12,10,1,0,5,8.75,2.75,7.5625,20.796875,1
"976",5595,1,27,6.75,12,10,2,1,5.7,10.75,4.75,22.5625,107.171875,4
"977",5595,1,27,6.75,12,10,3,1,6.9,12.75,6.75,45.5625,307.546875,9
"978",5632,0,28,6.17,11,12,0,1,2,6.17,0.17,0.0289,0.00491299999999999,0
"979",5632,0,28,6.17,11,12,1,0,5.3,8.17,2.17,4.7089,10.218313,1
"980",5632,0,28,6.17,11,12,2,0,4.7,10.17,4.17,17.3889,72.511713,4
"981",5641,1,28,6.83,10,12,0,3,2.9,6.83,0.83,0.6889,0.571787,0
"982",5641,1,28,6.83,10,12,1,1,4.8,8.83,2.83,8.0089,22.665187,1
"983",5643,0,28,6.83,6,10,0,1,2.1,6.83,0.83,0.6889,0.571787,0
"984",5674,1,28,6.42,8,10,0,3,1.8,6.42,0.42,0.1764,0.074088,0
"985",5674,1,28,6.42,8,10,1,5,2.5,8.42,2.42,5.8564,14.172488,1
"986",5718,0,27,7.08,10,11,0,0,2.5,7.08,1.08,1.1664,1.259712,0
"987",5718,0,27,7.08,10,11,1,0,4.9,9.08,3.08,9.4864,29.218112,1
"988",5720,0,27,6.67,10,11,0,1,2,6.67,0.67,0.4489,0.300763,0
"989",5720,0,27,6.67,10,11,1,0,3.1,8.67,2.67,7.1289,19.034163,1
"990",5734,0,27,6.58,10,11,0,0,2.1,6.58,0.58,0.3364,0.195112,0
"991",5734,0,27,6.58,10,11,1,2,3.5,8.58,2.58,6.6564,17.173512,1
"992",5774,0,28,7.67,9,10,0,0,5.1,7.67,1.67,2.7889,4.657463,0
"993",5774,0,28,7.67,9,10,1,3,6.2,9.67,3.67,13.4689,49.430863,1
"994",5776,0,27,7.75,10,7,0,6,2.4,7.75,1.75,3.0625,5.359375,0
"995",5776,0,27,7.75,10,7,1,7,3,9.75,3.75,14.0625,52.734375,1
"996",5825,0,27,7.58,8,13,0,1,2,7.58,1.58,2.4964,3.944312,0
"997",5825,0,27,7.58,8,13,1,0,4,9.58,3.58,12.8164,45.882712,1
"998",5847,0,27,8,10,12,0,1,4.6,8,2,4,8,0
"999",5847,0,27,8,10,12,1,2,5.1,10,4,16,64,1
"1000",5878,0,27,6.42,14,12,0,0,1.7,6.42,0.42,0.1764,0.074088,0
"1001",5878,0,27,6.42,14,12,1,NA,4.6,8.42,2.42,5.8564,14.172488,1
"1002",5878,0,27,6.42,14,12,2,0,5.8,10.42,4.42,19.5364,86.350888,4
"1003",5878,0,27,6.42,14,12,3,0,7.2,12.42,6.42,41.2164,264.609288,9
"1004",5962,0,27,6.33,9,11,0,1,2.8,6.33,0.33,0.1089,0.035937,0
"1005",5962,0,27,6.33,9,11,1,1,4.4,8.33,2.33,5.4289,12.649337,1
"1006",5962,0,27,6.33,9,11,2,1,5.1,10.33,4.33,18.7489,81.182737,4
"1007",5962,0,27,6.33,9,11,3,0,6,12.33,6.33,40.0689,253.636137,9
"1008",6035,1,26,6.33,8,8,0,2,2.3,6.33,0.33,0.1089,0.035937,0
"1009",6035,1,26,6.33,8,8,1,3,4.9,8.33,2.33,5.4289,12.649337,1
"1010",6035,1,26,6.33,8,8,2,3,NA,10.33,4.33,18.7489,81.182737,4
"1011",6035,1,26,6.33,8,8,3,1,7.7,12.33,6.33,40.0689,253.636137,9
"1012",6058,1,26,6.08,9,10,0,2,1.8,6.08,0.0800000000000001,0.00640000000000001,0.000512000000000001,0
"1013",6058,1,26,6.08,9,10,1,1,2.2,8.08,2.08,4.3264,8.998912,1
"1014",6058,1,26,6.08,9,10,2,4,NA,10.08,4.08,16.6464,67.917312,4
"1015",6058,1,26,6.08,9,10,3,1,4,12.08,6.08,36.9664,224.755712,9
"1016",6063,1,26,6.58,11,10,0,0,2,6.58,0.58,0.3364,0.195112,0
"1017",6063,1,26,6.58,11,10,1,0,3.9,8.58,2.58,6.6564,17.173512,1
"1018",6063,1,26,6.58,11,10,2,2,4.9,10.58,4.58,20.9764,96.071912,4
"1019",6063,1,26,6.58,11,10,3,1,7.7,12.58,6.58,43.2964,284.890312,9
"1020",6069,0,26,7.5,11,5,0,2,2.7,7.5,1.5,2.25,3.375,0
"1021",6069,0,26,7.5,11,5,1,4,3.4,9.5,3.5,12.25,42.875,1
"1022",6069,0,26,7.5,11,5,2,4,4,11.5,5.5,30.25,166.375,4
"1023",6069,0,26,7.5,11,5,3,0,4.7,13.5,7.5,56.25,421.875,9
"1024",6071,0,27,7.67,14,12,0,0,3.1,7.67,1.67,2.7889,4.657463,0
"1025",6071,0,27,7.67,14,12,1,1,4.9,9.67,3.67,13.4689,49.430863,1
"1026",6071,0,27,7.67,14,12,2,2,6.1,11.67,5.67,32.1489,182.284263,4
"1027",6071,0,27,7.67,14,12,3,0,6.7,13.67,7.67,58.8289,451.217663,9
"1028",6083,0,27,7.58,9,12,0,2,2.3,7.58,1.58,2.4964,3.944312,0
"1029",6083,0,27,7.58,9,12,1,0,NA,9.58,3.58,12.8164,45.882712,1
"1030",6096,1,26,6,8,9,0,1,1.8,6,0,0,0,0
"1031",6096,1,26,6,8,9,1,3,3.6,8,2,4,8,1
"1032",6096,1,26,6,8,9,2,2,4.6,10,4,16,64,4
"1033",6096,1,26,6,8,9,3,5,4.7,12,6,36,216,9
"1034",6171,0,26,7.17,9,9,0,2,2.2,7.17,1.17,1.3689,1.601613,0
"1035",6171,0,26,7.17,9,9,1,1,3.3,9.17,3.17,10.0489,31.855013,1
"1036",6171,0,26,7.17,9,9,2,2,4,11.17,5.17,26.7289,138.188413,4
"1037",6171,0,26,7.17,9,9,3,1,4.2,13.17,7.17,51.4089,368.601813,9
"1038",6244,0,26,7.92,11,11,0,1,3.7,7.92,1.92,3.6864,7.077888,0
"1039",6244,0,26,7.92,11,11,1,1,5,9.92,3.92,15.3664,60.236288,1
"1040",6244,0,26,7.92,11,11,2,1,6.9,11.92,5.92,35.0464,207.474688,4
"1041",6244,0,26,7.92,11,11,3,1,5.7,13.92,7.92,62.7264,496.793088,9
"1042",6246,0,26,7.92,10,9,0,1,3.5,7.92,1.92,3.6864,7.077888,0
"1043",6246,0,26,7.92,10,9,1,0,5.7,9.92,3.92,15.3664,60.236288,1
"1044",6246,0,26,7.92,10,9,2,0,6.1,11.92,5.92,35.0464,207.474688,4
"1045",6246,0,26,7.92,10,9,3,0,6.7,13.92,7.92,62.7264,496.793088,9
"1046",6278,1,26,6.17,8,10,0,4,1.4,6.17,0.17,0.0289,0.00491299999999999,0
"1047",6278,1,26,6.17,8,10,1,2,4.1,8.17,2.17,4.7089,10.218313,1
"1048",6278,1,26,6.17,8,10,2,2,5.2,10.17,4.17,17.3889,72.511713,4
"1049",6278,1,26,6.17,8,10,3,0,NA,12.17,6.17,38.0689,234.885113,9
"1050",6288,1,26,6.58,12,8,0,0,3.1,6.58,0.58,0.3364,0.195112,0
"1051",6288,1,26,6.58,12,8,1,0,5.4,8.58,2.58,6.6564,17.173512,1
"1052",6288,1,26,6.58,12,8,2,0,6.6,10.58,4.58,20.9764,96.071912,4
"1053",6288,1,26,6.58,12,8,3,0,7.8,12.58,6.58,43.2964,284.890312,9
"1054",6295,1,26,7,12,7,0,7,2.2,7,1,1,1,0
"1055",6295,1,26,7,12,7,1,1,5.3,9,3,9,27,1
"1056",6295,1,26,7,12,7,2,3,5.7,11,5,25,125,4
"1057",6295,1,26,7,12,7,3,3,6.1,13,7,49,343,9
"1058",6301,0,26,6.83,11,13,0,1,2.2,6.83,0.83,0.6889,0.571787,0
"1059",6301,0,26,6.83,11,13,1,2,4.7,8.83,2.83,8.0089,22.665187,1
"1060",6301,0,26,6.83,11,13,2,1,5.5,10.83,4.83,23.3289,112.678587,4
"1061",6301,0,26,6.83,11,13,3,2,6.6,12.83,6.83,46.6489,318.611987,9
"1062",6303,1,26,6.75,8,9,0,1,3.6,6.75,0.75,0.5625,0.421875,0
"1063",6303,1,26,6.75,8,9,1,0,5.6,8.75,2.75,7.5625,20.796875,1
"1064",6303,1,26,6.75,8,9,2,0,8.3,10.75,4.75,22.5625,107.171875,4
"1065",6303,1,26,6.75,8,9,3,0,7.9,12.75,6.75,45.5625,307.546875,9
"1066",6309,1,26,7.25,11,11,0,0,2.4,7.25,1.25,1.5625,1.953125,0
"1067",6309,1,26,7.25,11,11,1,4,5.2,9.25,3.25,10.5625,34.328125,1
"1068",6309,1,26,7.25,11,11,2,4,5.8,11.25,5.25,27.5625,144.703125,4
"1069",6309,1,26,7.25,11,11,3,2,7.9,13.25,7.25,52.5625,381.078125,9
"1070",6339,1,26,7.92,10,12,0,1,3.9,7.92,1.92,3.6864,7.077888,0
"1071",6339,1,26,7.92,10,12,1,NA,4.9,9.92,3.92,15.3664,60.236288,1
"1072",6339,1,26,7.92,10,12,2,4,5.7,11.92,5.92,35.0464,207.474688,4
"1073",6339,1,26,7.92,10,12,3,0,6.5,13.92,7.92,62.7264,496.793088,9
"1074",6349,0,27,7,6,11,0,1,2.5,7,1,1,1,0
"1075",6349,0,27,7,6,11,1,3,5.1,9,3,9,27,1
"1076",6349,0,27,7,6,11,2,2,5.7,11,5,25,125,4
"1077",6349,0,27,7,6,11,3,3,6.2,13,7,49,343,9
"1078",6368,1,26,7.08,9,7,0,2,3.4,7.08,1.08,1.1664,1.259712,0
"1079",6368,1,26,7.08,9,7,3,4,NA,13.08,7.08,50.1264,354.894912,9
"1080",6376,1,27,7.5,7,11,0,5,4.1,7.5,1.5,2.25,3.375,0
"1081",6376,1,27,7.5,7,11,1,5,5.6,9.5,3.5,12.25,42.875,1
"1082",6376,1,27,7.5,7,11,2,5,5.9,11.5,5.5,30.25,166.375,4
"1083",6379,1,26,7.67,8,8,0,2,2.4,7.67,1.67,2.7889,4.657463,0
"1084",6379,1,26,7.67,8,8,1,2,3,9.67,3.67,13.4689,49.430863,1
"1085",6379,1,26,7.67,8,8,2,7,4.1,11.67,5.67,32.1489,182.284263,4
"1086",6395,0,26,6.58,11,7,0,1,2.5,6.58,0.58,0.3364,0.195112,0
"1087",6395,0,26,6.58,11,7,1,3,3.9,8.58,2.58,6.6564,17.173512,1
"1088",6395,0,26,6.58,11,7,2,3,5.3,10.58,4.58,20.9764,96.071912,4
"1089",6395,0,26,6.58,11,7,3,3,5.1,12.58,6.58,43.2964,284.890312,9
"1090",6405,1,27,7.42,9,12,0,3,2.2,7.42,1.42,2.0164,2.863288,0
"1091",6405,1,27,7.42,9,12,1,2,NA,9.42,3.42,11.6964,40.001688,1
"1092",6410,0,26,6.25,6,11,0,0,2.2,6.25,0.25,0.0625,0.015625,0
"1093",6410,0,26,6.25,6,11,1,0,5,8.25,2.25,5.0625,11.390625,1
"1094",6410,0,26,6.25,6,11,2,0,6.1,10.25,4.25,18.0625,76.765625,4
"1095",6410,0,26,6.25,6,11,3,0,8.1,12.25,6.25,39.0625,244.140625,9
"1096",6411,1,26,7.17,8,9,0,1,2.1,7.17,1.17,1.3689,1.601613,0
"1097",6411,1,26,7.17,8,9,1,4,3.4,9.17,3.17,10.0489,31.855013,1
"1098",6411,1,26,7.17,8,9,2,2,4.3,11.17,5.17,26.7289,138.188413,4
"1099",6411,1,26,7.17,8,9,3,1,4.4,13.17,7.17,51.4089,368.601813,9
"1100",6414,0,26,7.08,12,10,0,0,2.6,7.08,1.08,1.1664,1.259712,0
"1101",6414,0,26,7.08,12,10,1,1,3.8,9.08,3.08,9.4864,29.218112,1
"1102",6414,0,26,7.08,12,10,2,0,5.8,11.08,5.08,25.8064,131.096512,4
"1103",6414,0,26,7.08,12,10,3,0,6.1,13.08,7.08,50.1264,354.894912,9
"1104",6422,0,26,6.17,5,9,0,0,1.7,6.17,0.17,0.0289,0.00491299999999999,0
"1105",6422,0,26,6.17,5,9,1,0,2.1,8.17,2.17,4.7089,10.218313,1
"1106",6422,0,26,6.17,5,9,2,0,2.4,10.17,4.17,17.3889,72.511713,4
"1107",6433,1,27,6.08,8,11,0,1,1.7,6.08,0.0800000000000001,0.00640000000000001,0.000512000000000001,0
"1108",6433,1,27,6.08,8,11,1,1,4.4,8.08,2.08,4.3264,8.998912,1
"1109",6433,1,27,6.08,8,11,2,0,4.9,10.08,4.08,16.6464,67.917312,4
"1110",6433,1,27,6.08,8,11,3,5,5.8,12.08,6.08,36.9664,224.755712,9
"1111",6445,0,26,7.5,14,11,0,2,4.6,7.5,1.5,2.25,3.375,0
"1112",6445,0,26,7.5,14,11,1,0,5.9,9.5,3.5,12.25,42.875,1
"1113",6456,0,26,6,13,12,0,0,1.8,6,0,0,0,0
"1114",6456,0,26,6,13,12,1,2,5.1,8,2,4,8,1
"1115",6469,0,26,6.08,9,8,0,3,1.7,6.08,0.0800000000000001,0.00640000000000001,0.000512000000000001,0
"1116",6469,0,26,6.08,9,8,1,0,2.5,8.08,2.08,4.3264,8.998912,1
"1117",6476,0,26,7.33,12,10,0,1,1.9,7.33,1.33,1.7689,2.352637,0
"1118",6476,0,26,7.33,12,10,1,1,3,9.33,3.33,11.0889,36.926037,1
"1119",6490,1,26,7.5,7,12,0,6,3.1,7.5,1.5,2.25,3.375,0
"1120",6490,1,26,7.5,7,12,1,7,5.1,9.5,3.5,12.25,42.875,1
"1121",6529,0,26,7.83,7,10,0,0,5.1,7.83,1.83,3.3489,6.128487,0
"1122",6529,0,26,7.83,7,10,1,0,5.3,9.83,3.83,14.6689,56.181887,1
"1123",6532,0,26,7,11,7,0,3,2.4,7,1,1,1,0
"1124",6532,0,26,7,11,7,1,0,4.2,9,3,9,27,1
"1125",6551,1,26,6.33,9,9,0,2,1.2,6.33,0.33,0.1089,0.035937,0
"1126",6551,1,26,6.33,9,9,1,5,4,8.33,2.33,5.4289,12.649337,1
"1127",6583,1,26,7.83,11,7,0,1,2.6,7.83,1.83,3.3489,6.128487,0
"1128",6583,1,26,7.83,11,7,1,1,3.4,9.83,3.83,14.6689,56.181887,1
"1129",6612,0,27,6.42,6,11,0,2,1.9,6.42,0.42,0.1764,0.074088,0
"1130",6612,0,27,6.42,6,11,1,2,3.7,8.42,2.42,5.8564,14.172488,1
"1131",6734,0,27,6.25,8,11,0,1,2.1,6.25,0.25,0.0625,0.015625,0
"1132",6734,0,27,6.25,8,11,1,2,4.7,8.25,2.25,5.0625,11.390625,1
"1133",6734,0,27,6.25,8,11,2,2,7,10.25,4.25,18.0625,76.765625,4
"1134",6734,0,27,6.25,8,11,3,4,8.2,12.25,6.25,39.0625,244.140625,9
"1135",6825,0,25,8,12,10,0,1,2.6,8,2,4,8,0
"1136",6825,0,25,8,12,10,1,1,4.4,10,4,16,64,1
"1137",6825,0,25,8,12,10,2,0,4.6,12,6,36,216,4
"1138",6825,0,25,8,12,10,3,0,5,14,8,64,512,9
"1139",6853,0,25,7.67,11,7,0,7,2.8,7.67,1.67,2.7889,4.657463,0
"1140",6853,0,25,7.67,11,7,1,6,2.8,9.67,3.67,13.4689,49.430863,1
"1141",6853,0,25,7.67,11,7,2,6,3.9,11.67,5.67,32.1489,182.284263,4
"1142",6853,0,25,7.67,11,7,3,5,4,13.67,7.67,58.8289,451.217663,9
"1143",6874,0,26,6.25,11,8,0,0,2.2,6.25,0.25,0.0625,0.015625,0
"1144",6874,0,26,6.25,11,8,1,2,4.2,8.25,2.25,5.0625,11.390625,1
"1145",6878,1,26,6.17,14,10,0,0,1.9,6.17,0.17,0.0289,0.00491299999999999,0
"1146",6878,1,26,6.17,14,10,1,3,4.8,8.17,2.17,4.7089,10.218313,1
"1147",6878,1,26,6.17,14,10,2,1,5.8,10.17,4.17,17.3889,72.511713,4
"1148",6878,1,26,6.17,14,10,3,0,7.4,12.17,6.17,38.0689,234.885113,9
"1149",6907,0,26,7.42,9,8,0,1,1.9,7.42,1.42,2.0164,2.863288,0
"1150",6907,0,26,7.42,9,8,1,3,2.6,9.42,3.42,11.6964,40.001688,1
"1151",6907,0,26,7.42,9,8,2,3,3.9,11.42,5.42,29.3764,159.220088,4
"1152",6907,0,26,7.42,9,8,3,NA,4.8,13.42,7.42,55.0564,408.518488,9
"1153",6919,0,26,6.5,7,10,0,1,2.5,6.5,0.5,0.25,0.125,0
"1154",6919,0,26,6.5,7,10,1,2,4.3,8.5,2.5,6.25,15.625,1
"1155",6919,0,26,6.5,7,10,2,2,6.5,10.5,4.5,20.25,91.125,4
"1156",6919,0,26,6.5,7,10,3,1,6,12.5,6.5,42.25,274.625,9
"1157",6932,1,25,7,6,12,0,0,3.3,7,1,1,1,0
"1158",6932,1,25,7,6,12,1,1,4.2,9,3,9,27,1
"1159",6932,1,25,7,6,12,2,1,4.4,11,5,25,125,4
"1160",6932,1,25,7,6,12,3,0,6.6,13,7,49,343,9
"1161",6975,1,25,6.25,10,10,0,3,1.8,6.25,0.25,0.0625,0.015625,0
"1162",6975,1,25,6.25,10,10,1,1,3.6,8.25,2.25,5.0625,11.390625,1
"1163",6975,1,25,6.25,10,10,2,1,NA,10.25,4.25,18.0625,76.765625,4
"1164",6975,1,25,6.25,10,10,3,1,NA,12.25,6.25,39.0625,244.140625,9
"1165",6997,1,25,8,6,4,0,5,3.6,8,2,4,8,0
"1166",6997,1,25,8,6,4,1,10,5.1,10,4,16,64,1
"1167",6997,1,25,8,6,4,2,8,5.6,12,6,36,216,4
"1168",6997,1,25,8,6,4,3,10,NA,14,8,64,512,9
"1169",7045,1,26,6.42,12,13,0,0,3.2,6.42,0.42,0.1764,0.074088,0
"1170",7045,1,26,6.42,12,13,1,1,5,8.42,2.42,5.8564,14.172488,1
"1171",7045,1,26,6.42,12,13,2,0,6.5,10.42,4.42,19.5364,86.350888,4
"1172",7045,1,26,6.42,12,13,3,1,7.2,12.42,6.42,41.2164,264.609288,9
"1173",7119,1,26,8,12,10,0,1,3.9,8,2,4,8,0
"1174",7185,1,25,6.08,6,11,0,2,1.8,6.08,0.0800000000000001,0.00640000000000001,0.000512000000000001,0
"1175",7185,1,25,6.08,6,11,1,1,2.6,8.08,2.08,4.3264,8.998912,1
"1176",7185,1,25,6.08,6,11,2,0,3.1,10.08,4.08,16.6464,67.917312,4
"1177",7185,1,25,6.08,6,11,3,2,4,12.08,6.08,36.9664,224.755712,9
"1178",7201,0,26,7.5,12,8,0,0,4.4,7.5,1.5,2.25,3.375,0
"1179",7201,0,26,7.5,12,8,1,2,5.7,9.5,3.5,12.25,42.875,1
"1180",7211,1,25,7.58,5,9,0,2,2.2,7.58,1.58,2.4964,3.944312,0
"1181",7211,1,25,7.58,5,9,1,4,3.4,9.58,3.58,12.8164,45.882712,1
"1182",7221,0,25,6.5,11,12,0,0,2.1,6.5,0.5,0.25,0.125,0
"1183",7221,0,25,6.5,11,12,1,1,3.8,8.5,2.5,6.25,15.625,1
"1184",7236,1,25,8,9,11,0,2,5.1,8,2,4,8,0
"1185",7236,1,25,8,9,11,1,1,6.6,10,4,16,64,1
"1186",7242,0,25,7.75,12,8,0,1,3.6,7.75,1.75,3.0625,5.359375,0
"1187",7242,0,25,7.75,12,8,1,NA,5.5,9.75,3.75,14.0625,52.734375,1
"1188",7244,1,25,7.75,10,10,0,1,3.5,7.75,1.75,3.0625,5.359375,0
"1189",7247,0,26,7.75,9,11,0,1,2.5,7.75,1.75,3.0625,5.359375,0
"1190",7247,0,26,7.75,9,11,1,1,3.8,9.75,3.75,14.0625,52.734375,1
"1191",7259,0,26,7.17,3,4,0,3,1.9,7.17,1.17,1.3689,1.601613,0
"1192",7259,0,26,7.17,3,4,1,NA,3.2,9.17,3.17,10.0489,31.855013,1
"1193",7266,1,25,6,10,11,0,0,1.7,6,0,0,0,0
"1194",7266,1,25,6,10,11,1,NA,4.2,8,2,4,8,1
"1195",7288,1,26,6.42,10,13,0,0,1.6,6.42,0.42,0.1764,0.074088,0
"1196",7288,1,26,6.42,10,13,1,3,2.5,8.42,2.42,5.8564,14.172488,1
"1197",7290,0,25,6.08,5,10,0,0,1.8,6.08,0.0800000000000001,0.00640000000000001,0.000512000000000001,0
"1198",7290,0,25,6.08,5,10,1,9,2.6,8.08,2.08,4.3264,8.998912,1
"1199",7295,0,26,7,10,6,0,3,3.1,7,1,1,1,0
"1200",7295,0,26,7,10,6,1,6,3.7,9,3,9,27,1
"1201",7297,1,25,7.5,9,8,0,1,4.7,7.5,1.5,2.25,3.375,0
"1202",7297,1,25,7.5,9,8,1,0,5.3,9.5,3.5,12.25,42.875,1
"1203",7307,1,25,6.5,12,11,0,1,3.3,6.5,0.5,0.25,0.125,0
"1204",7307,1,25,6.5,12,11,1,0,5.4,8.5,2.5,6.25,15.625,1
"1205",7311,0,25,7.75,11,12,0,0,4,7.75,1.75,3.0625,5.359375,0
"1206",7311,0,25,7.75,11,12,1,1,5.8,9.75,3.75,14.0625,52.734375,1
"1207",7315,1,25,7.5,7,10,0,2,1.9,7.5,1.5,2.25,3.375,0
"1208",7315,1,25,7.5,7,10,1,2,4.6,9.5,3.5,12.25,42.875,1
"1209",7325,0,25,6.25,8,9,0,0,1.7,6.25,0.25,0.0625,0.015625,0
"1210",7325,0,25,6.25,8,9,1,3,3.9,8.25,2.25,5.0625,11.390625,1
"1211",7380,0,25,6.75,11,11,0,0,2.2,6.75,0.75,0.5625,0.421875,0
"1212",7380,0,25,6.75,11,11,1,0,2.8,8.75,2.75,7.5625,20.796875,1
"1213",7380,0,25,6.75,11,11,2,2,3.4,10.75,4.75,22.5625,107.171875,4
"1214",7380,0,25,6.75,11,11,3,0,4.5,12.75,6.75,45.5625,307.546875,9
"1215",7388,1,25,7.83,8,12,0,2,1.8,7.83,1.83,3.3489,6.128487,0
"1216",7388,1,25,7.83,8,12,1,0,3.2,9.83,3.83,14.6689,56.181887,1
"1217",7388,1,25,7.83,8,12,2,0,NA,11.83,5.83,33.9889,198.155287,4
"1218",7388,1,25,7.83,8,12,3,0,6.5,13.83,7.83,61.3089,480.048687,9
"1219",7424,1,25,7.58,5,10,0,3,4.7,7.58,1.58,2.4964,3.944312,0
"1220",7424,1,25,7.58,5,10,1,3,6,9.58,3.58,12.8164,45.882712,1
"1221",7427,1,26,7.33,7,11,0,0,2.5,7.33,1.33,1.7689,2.352637,0
"1222",7427,1,26,7.33,7,11,1,0,3.7,9.33,3.33,11.0889,36.926037,1
"1223",7482,1,24,6.33,7,12,0,1,1.7,6.33,0.33,0.1089,0.035937,0
"1224",7482,1,24,6.33,7,12,1,0,4.8,8.33,2.33,5.4289,12.649337,1
"1225",7482,1,24,6.33,7,12,2,1,5.8,10.33,4.33,18.7489,81.182737,4
"1226",7482,1,24,6.33,7,12,3,0,6,12.33,6.33,40.0689,253.636137,9
"1227",7509,0,24,7.92,3,7,0,5,2.9,7.92,1.92,3.6864,7.077888,0
"1228",7509,0,24,7.92,3,7,1,3,NA,9.92,3.92,15.3664,60.236288,1
"1229",7509,0,24,7.92,3,7,2,2,3.5,11.92,5.92,35.0464,207.474688,4
"1230",7509,0,24,7.92,3,7,3,0,3.8,13.92,7.92,62.7264,496.793088,9
"1231",7572,1,24,6.83,12,11,0,1,1.9,6.83,0.83,0.6889,0.571787,0
"1232",7572,1,24,6.83,12,11,1,1,3.8,8.83,2.83,8.0089,22.665187,1
"1233",7572,1,24,6.83,12,11,2,0,5,10.83,4.83,23.3289,112.678587,4
"1234",7572,1,24,6.83,12,11,3,1,4.8,12.83,6.83,46.6489,318.611987,9
"1235",7576,0,24,7,11,9,0,2,2.8,7,1,1,1,0
"1236",7576,0,24,7,11,9,1,0,4.6,9,3,9,27,1
"1237",7576,0,24,7,11,9,2,0,NA,11,5,25,125,4
"1238",7576,0,24,7,11,9,3,4,4.9,13,7,49,343,9
"1239",7579,1,24,8,11,10,0,2,2.7,8,2,4,8,0
"1240",7579,1,24,8,11,10,1,2,4.1,10,4,16,64,1
"1241",7579,1,24,8,11,10,2,1,5.4,12,6,36,216,4
"1242",7579,1,24,8,11,10,3,0,5.7,14,8,64,512,9
"1243",7600,0,25,6.17,10,11,0,1,1.7,6.17,0.17,0.0289,0.00491299999999999,0
"1244",7600,0,25,6.17,10,11,1,2,3.9,8.17,2.17,4.7089,10.218313,1
"1245",7600,0,25,6.17,10,11,2,3,5,10.17,4.17,17.3889,72.511713,4
"1246",7600,0,25,6.17,10,11,3,NA,6,12.17,6.17,38.0689,234.885113,9
"1247",7643,0,25,7.92,10,7,0,0,2.8,7.92,1.92,3.6864,7.077888,0
"1248",7643,0,25,7.92,10,7,1,1,4.1,9.92,3.92,15.3664,60.236288,1
"1249",7673,1,25,6.33,5,8,0,2,1.8,6.33,0.33,0.1089,0.035937,0
"1250",7673,1,25,6.33,5,8,1,3,3.5,8.33,2.33,5.4289,12.649337,1
"1251",7673,1,25,6.33,5,8,2,3,4.3,10.33,4.33,18.7489,81.182737,4
"1252",7673,1,25,6.33,5,8,3,7,5.4,12.33,6.33,40.0689,253.636137,9
"1253",7716,0,24,6.17,11,9,0,0,0.9,6.17,0.17,0.0289,0.00491299999999999,0
"1254",7716,0,24,6.17,11,9,1,0,2.7,8.17,2.17,4.7089,10.218313,1
"1255",7716,0,24,6.17,11,9,2,NA,3.8,10.17,4.17,17.3889,72.511713,4
"1256",7716,0,24,6.17,11,9,3,NA,4.7,12.17,6.17,38.0689,234.885113,9
"1257",7725,0,25,6.75,10,11,0,1,2.5,6.75,0.75,0.5625,0.421875,0
"1258",7725,0,25,6.75,10,11,1,1,NA,8.75,2.75,7.5625,20.796875,1
"1259",7725,0,25,6.75,10,11,2,0,4.5,10.75,4.75,22.5625,107.171875,4
"1260",7725,0,25,6.75,10,11,3,2,6.1,12.75,6.75,45.5625,307.546875,9
"1261",7728,1,24,6.17,6,10,0,3,1.7,6.17,0.17,0.0289,0.00491299999999999,0
"1262",7728,1,24,6.17,6,10,1,5,3.7,8.17,2.17,4.7089,10.218313,1
"1263",7728,1,24,6.17,6,10,2,1,4.7,10.17,4.17,17.3889,72.511713,4
"1264",7728,1,24,6.17,6,10,3,4,7,12.17,6.17,38.0689,234.885113,9
"1265",7734,0,24,6.42,11,11,0,0,2.2,6.42,0.42,0.1764,0.074088,0
"1266",7734,0,24,6.42,11,11,1,0,5.1,8.42,2.42,5.8564,14.172488,1
"1267",7734,0,24,6.42,11,11,2,0,6,10.42,4.42,19.5364,86.350888,4
"1268",7734,0,24,6.42,11,11,3,0,7,12.42,6.42,41.2164,264.609288,9
"1269",7798,1,24,6.83,10,8,0,3,1.7,6.83,0.83,0.6889,0.571787,0
"1270",7798,1,24,6.83,10,8,1,4,1.6,8.83,2.83,8.0089,22.665187,1
"1271",7798,1,24,6.83,10,8,2,4,2.2,10.83,4.83,23.3289,112.678587,4
"1272",7798,1,24,6.83,10,8,3,1,2.5,12.83,6.83,46.6489,318.611987,9
"1273",7811,1,24,6.25,2,8,0,1,2.1,6.25,0.25,0.0625,0.015625,0
"1274",7811,1,24,6.25,2,8,1,4,3,8.25,2.25,5.0625,11.390625,1
"1275",7811,1,24,6.25,2,8,2,4,NA,10.25,4.25,18.0625,76.765625,4
"1276",7811,1,24,6.25,2,8,3,5,3.5,12.25,6.25,39.0625,244.140625,9
"1277",7855,0,24,6.33,7,11,0,2,1.7,6.33,0.33,0.1089,0.035937,0
"1278",7855,0,24,6.33,7,11,1,2,3.2,8.33,2.33,5.4289,12.649337,1
"1279",7855,0,24,6.33,7,11,2,0,3.9,10.33,4.33,18.7489,81.182737,4
"1280",7855,0,24,6.33,7,11,3,0,4.7,12.33,6.33,40.0689,253.636137,9
"1281",7869,0,24,6.58,11,8,0,0,1.8,6.58,0.58,0.3364,0.195112,0
"1282",7869,0,24,6.58,11,8,1,0,3.2,8.58,2.58,6.6564,17.173512,1
"1283",7869,0,24,6.58,11,8,2,0,5.3,10.58,4.58,20.9764,96.071912,4
"1284",7869,0,24,6.58,11,8,3,0,5.9,12.58,6.58,43.2964,284.890312,9
"1285",7873,1,24,7.92,12,10,0,0,4.5,7.92,1.92,3.6864,7.077888,0
"1286",7873,1,24,7.92,12,10,1,0,5.2,9.92,3.92,15.3664,60.236288,1
"1287",7873,1,24,7.92,12,10,2,0,6.1,11.92,5.92,35.0464,207.474688,4
"1288",7873,1,24,7.92,12,10,3,0,7.9,13.92,7.92,62.7264,496.793088,9
"1289",7875,1,24,6.5,10,10,0,0,2.1,6.5,0.5,0.25,0.125,0
"1290",7875,1,24,6.5,10,10,1,0,5.5,8.5,2.5,6.25,15.625,1
"1291",7875,1,24,6.5,10,10,2,0,6.8,10.5,4.5,20.25,91.125,4
"1292",7875,1,24,6.5,10,10,3,0,6.9,12.5,6.5,42.25,274.625,9
"1293",7891,0,24,6.42,4,1,0,5,1.8,6.42,0.42,0.1764,0.074088,0
"1294",7891,0,24,6.42,4,1,1,1,3.6,8.42,2.42,5.8564,14.172488,1
"1295",7904,1,24,7.67,8,8,0,0,3,7.67,1.67,2.7889,4.657463,0
"1296",7904,1,24,7.67,8,8,1,0,4.7,9.67,3.67,13.4689,49.430863,1
"1297",7905,0,24,7.58,9,10,0,3,2.6,7.58,1.58,2.4964,3.944312,0
"1298",7905,0,24,7.58,9,10,1,8,4.4,9.58,3.58,12.8164,45.882712,1
"1299",7919,1,25,6.42,12,10,0,0,1.8,6.42,0.42,0.1764,0.074088,0
"1300",7919,1,25,6.42,12,10,1,0,NA,8.42,2.42,5.8564,14.172488,1
"1301",7938,0,24,6.5,9,12,0,0,3.6,6.5,0.5,0.25,0.125,0
"1302",7938,0,24,6.5,9,12,1,2,5,8.5,2.5,6.25,15.625,1
"1303",7979,0,24,6.75,10,12,0,2,3,6.75,0.75,0.5625,0.421875,0
"1304",7979,0,24,6.75,10,12,1,3,NA,8.75,2.75,7.5625,20.796875,1
"1305",7986,1,25,6.92,12,11,0,2,1.7,6.92,0.92,0.8464,0.778688,0
"1306",7986,1,25,6.92,12,11,1,0,2.1,8.92,2.92,8.5264,24.897088,1
"1307",7986,1,25,6.92,12,11,2,0,2.4,10.92,4.92,24.2064,119.095488,4
"1308",7986,1,25,6.92,12,11,3,0,3.4,12.92,6.92,47.8864,331.373888,9
"1309",8006,1,24,6.08,6,7,0,0,1.3,6.08,0.0800000000000001,0.00640000000000001,0.000512000000000001,0
"1310",8006,1,24,6.08,6,7,1,2,2.6,8.08,2.08,4.3264,8.998912,1
"1311",8006,1,24,6.08,6,7,2,1,3.4,10.08,4.08,16.6464,67.917312,4
"1312",8006,1,24,6.08,6,7,3,0,4.2,12.08,6.08,36.9664,224.755712,9
"1313",8031,0,24,7.83,12,10,0,4,3.2,7.83,1.83,3.3489,6.128487,0
"1314",8031,0,24,7.83,12,10,1,6,4.9,9.83,3.83,14.6689,56.181887,1
"1315",8085,0,24,6.33,10,11,0,2,1.7,6.33,0.33,0.1089,0.035937,0
"1316",8085,0,24,6.33,10,11,1,2,3.7,8.33,2.33,5.4289,12.649337,1
"1317",8085,0,24,6.33,10,11,2,2,5,10.33,4.33,18.7489,81.182737,4
"1318",8085,0,24,6.33,10,11,3,2,6.5,12.33,6.33,40.0689,253.636137,9
"1319",8157,0,23,7.92,5,9,0,1,3.5,7.92,1.92,3.6864,7.077888,0
"1320",8157,0,23,7.92,5,9,1,0,4.7,9.92,3.92,15.3664,60.236288,1
"1321",8190,1,23,6.75,3,9,0,1,2.1,6.75,0.75,0.5625,0.421875,0
"1322",8190,1,23,6.75,3,9,1,3,4.7,8.75,2.75,7.5625,20.796875,1
"1323",8190,1,23,6.75,3,9,2,5,5.7,10.75,4.75,22.5625,107.171875,4
"1324",8190,1,23,6.75,3,9,3,8,5.2,12.75,6.75,45.5625,307.546875,9
"1325",8239,0,23,8,8,10,0,1,3.4,8,2,4,8,0
"1326",8239,0,23,8,8,10,1,0,4.6,10,4,16,64,1
"1327",8239,0,23,8,8,10,2,1,5.8,12,6,36,216,4
"1328",8239,0,23,8,8,10,3,0,6.4,14,8,64,512,9
"1329",8274,0,24,7.25,8,12,0,3,1.6,7.25,1.25,1.5625,1.953125,0
"1330",8274,0,24,7.25,8,12,1,2,5.2,9.25,3.25,10.5625,34.328125,1
"1331",8274,0,24,7.25,8,12,2,4,5.6,11.25,5.25,27.5625,144.703125,4
"1332",8274,0,24,7.25,8,12,3,3,6.6,13.25,7.25,52.5625,381.078125,9
"1333",8288,1,23,7.42,10,7,0,0,2.1,7.42,1.42,2.0164,2.863288,0
"1334",8288,1,23,7.42,10,7,1,0,2.4,9.42,3.42,11.6964,40.001688,1
"1335",8288,1,23,7.42,10,7,2,0,3.4,11.42,5.42,29.3764,159.220088,4
"1336",8288,1,23,7.42,10,7,3,2,3.9,13.42,7.42,55.0564,408.518488,9
"1337",8335,0,23,6.5,13,12,0,2,1.7,6.5,0.5,0.25,0.125,0
"1338",8361,1,23,7.83,9,8,0,0,5.1,7.83,1.83,3.3489,6.128487,0
"1339",8361,1,23,7.83,9,8,1,2,5.7,9.83,3.83,14.6689,56.181887,1
"1340",8361,1,23,7.83,9,8,2,2,6.3,11.83,5.83,33.9889,198.155287,4
"1341",8361,1,23,7.83,9,8,3,4,7.5,13.83,7.83,61.3089,480.048687,9
"1342",8393,1,23,7.17,11,9,0,0,2.6,7.17,1.17,1.3689,1.601613,0
"1343",8393,1,23,7.17,11,9,1,1,3.7,9.17,3.17,10.0489,31.855013,1
"1344",8393,1,23,7.17,11,9,2,0,4.6,11.17,5.17,26.7289,138.188413,4
"1345",8393,1,23,7.17,11,9,3,0,6.3,13.17,7.17,51.4089,368.601813,9
"1346",8423,0,23,7.08,8,8,0,3,2.3,7.08,1.08,1.1664,1.259712,0
"1347",8423,0,23,7.08,8,8,1,6,4.2,9.08,3.08,9.4864,29.218112,1
"1348",8448,0,23,6.5,9,7,0,2,2.2,6.5,0.5,0.25,0.125,0
"1349",8448,0,23,6.5,9,7,1,4,4,8.5,2.5,6.25,15.625,1
"1350",8459,1,24,6.92,10,10,0,5,2.2,6.92,0.92,0.8464,0.778688,0
"1351",8459,1,24,6.92,10,10,1,6,3.3,8.92,2.92,8.5264,24.897088,1
"1352",8475,0,23,6.17,13,10,0,0,1.9,6.17,0.17,0.0289,0.00491299999999999,0
"1353",8475,0,23,6.17,13,10,1,0,4.2,8.17,2.17,4.7089,10.218313,1
"1354",8480,1,23,7.25,9,11,0,2,2.8,7.25,1.25,1.5625,1.953125,0
"1355",8480,1,23,7.25,9,11,1,2,4.2,9.25,3.25,10.5625,34.328125,1
"1356",8521,0,23,7.67,5,9,0,3,4,7.67,1.67,2.7889,4.657463,0
"1357",8521,0,23,7.67,5,9,1,6,5.2,9.67,3.67,13.4689,49.430863,1
"1358",8521,0,23,7.67,5,9,2,3,5.7,11.67,5.67,32.1489,182.284263,4
"1359",8521,0,23,7.67,5,9,3,3,8,13.67,7.67,58.8289,451.217663,9
"1360",8577,0,22,6.5,5,5,0,3,2.1,6.5,0.5,0.25,0.125,0
"1361",8577,0,22,6.5,5,5,2,0,4.8,10.5,4.5,20.25,91.125,4
"1362",8577,0,22,6.5,5,5,3,10,NA,12.5,6.5,42.25,274.625,9
"1363",8580,0,23,6,1,4,0,0,1.3,6,0,0,0,0
"1364",8580,0,23,6,1,4,2,0,3.7,10,4,16,64,4
"1365",8580,0,23,6,1,4,3,4,NA,12,6,36,216,9
"1366",8627,1,22,6.08,9,8,0,4,1.6,6.08,0.0800000000000001,0.00640000000000001,0.000512000000000001,0
"1367",8627,1,22,6.08,9,8,1,2,2.5,8.08,2.08,4.3264,8.998912,1
"1368",8627,1,22,6.08,9,8,2,3,2.6,10.08,4.08,16.6464,67.917312,4
"1369",8627,1,22,6.08,9,8,3,1,3.7,12.08,6.08,36.9664,224.755712,9
"1370",8705,0,22,6.08,11,9,0,2,1.8,6.08,0.0800000000000001,0.00640000000000001,0.000512000000000001,0
"1371",8705,0,22,6.08,11,9,1,1,4.9,8.08,2.08,4.3264,8.998912,1
"1372",8705,0,22,6.08,11,9,2,4,5.9,10.08,4.08,16.6464,67.917312,4
"1373",8705,0,22,6.08,11,9,3,4,7,12.08,6.08,36.9664,224.755712,9
"1374",8807,1,22,6.42,10,12,0,0,1.8,6.42,0.42,0.1764,0.074088,0
"1375",8807,1,22,6.42,10,12,1,0,3.3,8.42,2.42,5.8564,14.172488,1
"1376",8807,1,22,6.42,10,12,2,1,4.4,10.42,4.42,19.5364,86.350888,4
"1377",8807,1,22,6.42,10,12,3,1,6.1,12.42,6.42,41.2164,264.609288,9
"1378",8870,0,23,6,4,10,0,2,1.7,6,0,0,0,0
"1379",8870,0,23,6,4,10,1,1,3.7,8,2,4,8,1
"1380",8870,0,23,6,4,10,2,0,5.5,10,4,16,64,4
"1381",8870,0,23,6,4,10,3,0,6.3,12,6,36,216,9
"1382",8915,1,23,7.42,6,7,0,2,3.7,7.42,1.42,2.0164,2.863288,0
"1383",8915,1,23,7.42,6,7,1,2,5.3,9.42,3.42,11.6964,40.001688,1
"1384",8958,0,22,7,10,8,0,0,2.4,7,1,1,1,0
"1385",8958,0,22,7,10,8,1,2,2.7,9,3,9,27,1
"1386",9232,0,22,7.17,10,11,0,4,4.3,7.17,1.17,1.3689,1.601613,0
"1387",9232,0,22,7.17,10,11,1,2,4.2,9.17,3.17,10.0489,31.855013,1
"1388",9286,1,21,6.42,5,9,0,3,1.8,6.42,0.42,0.1764,0.074088,0
"1389",9286,1,21,6.42,5,9,1,4,3.8,8.42,2.42,5.8564,14.172488,1
"1390",9317,1,21,6,11,9,0,4,1.8,6,0,0,0,0
"1391",9317,1,21,6,11,9,1,6,3.4,8,2,4,8,1
"1392",9319,1,21,6,7,8,0,2,0.9,6,0,0,0,0
"1393",9319,1,21,6,7,8,1,5,5.2,8,2,4,8,1
